"","x"
"1","보스 베이비 2별점 - 총 10점 중10볼수록 보고싶어지는 애니ㅋㅋㅋ 신고"
"2","보스 베이비 2별점 - 총 10점 중10가족들이랑 보기 좋은 것 같아요^^ 신고"
"3","보스 베이비 2별점 - 총 10점 중10오랜만에 정말 재미있었던 영화 신고"
"4","보스 베이비 2별점 - 총 10점 중10이번 편도 역시 흥미진진ㅎㅎ 역시 보스베이비! 신고"
"5","보스 베이비 2별점 - 총 10점 중10가족의 소중함이 무엇인지 가슴 깊이 느낄 수 있었던 영화 신고"
"6","보스 베이비 2별점 - 총 10점 중6조금 지루하고 졸렸음.아이들은 한 명은 재미 있어했고한 명은 지루해했어요. 신고"
"7","보스 베이비 2별점 - 총 10점 중10생각보다 더 재밌고 보는내내 흐뭇하게 봤습니다 신고"
"8","보스 베이비 2별점 - 총 10점 중10아기들이 귀엽고 사랑스러워요~~ 신고"
"9","보스 베이비 2별점 - 총 10점 중93편도 기대가 되는 보스베이비! 신고"
"10","보스 베이비 2별점 - 총 10점 중10귀엽고 재밌고 스토리 탄탄하고 굿! 신고"
"11","보스 베이비 2별점 - 총 10점 중10오빠랑 가볍게 보러갔는데 마지막에 독창할때 소름이 쫙 돋았네요 3편도 나왔으면 신고"
"12","보스 베이비 2별점 - 총 10점 중10신고"
"13","보스 베이비 2별점 - 총 10점 중10함께하면 얼마나 행복한지,그리고 가족의 소중함을 알게해준 영화이다. 신고"
"14","보스 베이비 2별점 - 총 10점 중10귀여워 역시 보스베이비는 ㅋㅋ 신고"
"15","보스 베이비 2별점 - 총 10점 중10보스베이비1보고 보러갔더니 연결되는 느낌이어서 더 좋았어요! 신고"
"16","보스 베이비 2별점 - 총 10점 중10정말 재미있어요. 1도 재밌게 봤는데 제 취향으론 2가 더 재밌는것 같아요.귀엽고 노래도 좋아요ㅠ 마지막 장면이 인상깊었던.. 신고"
"17","보스 베이비 2별점 - 총 10점 중10시작부터 끝까지 이렇게 단 한순간도 멈춤 없이 본 애니는 처음인듯 신고"
"18","보스 베이비 2별점 - 총 10점 중10모 처럼 아이들과 즐거운 관람이였네요^^ 신고"
"19","보스 베이비 2별점 - 총 10점 중10초3 아들이랑 같이 가서 봤어요~ 아이가 보스베이비 1편을 10번은 본거같아요. 완전 팬이라 2편 개봉한다 소식 듣고 바로 예매해서 봤는데 하하하 아들이 보는 내내 깔깔 대며 웃고 신이 났더라고요. 아주 재밌었다며 엄지 척! 거기다가 부성애 코드도 들어있는 바람에 중간에 울컥해서 저는 눈물을 줄줄 흘렸네요. 러닝타임 내내 지루할 틈 없는 시간이었습니다~^^ 신고"
"20","보스 베이비 2별점 - 총 10점 중9재밌는데 더빙은 보지 마세요 신고"
"21","보스 베이비 2별점 - 총 10점 중101편보다 훨씬 재밌었다 강추ㅋㅋ 신고"
"22","보스 베이비 2별점 - 총 10점 중10힐링되어서 기분이 업!! 간만에 영화 보고 기분이 좋아짐+_+ 신고"
"23","보스 베이비 2별점 - 총 10점 중9좋았습니다. 잼나네요. 신고"
"24","보스 베이비 2별점 - 총 10점 중10여전히 사랑스러운 베이비들 신고"
"25","보스 베이비 2별점 - 총 10점 중7재미있었지만 정신이없고...왠지 마다가스카  펭귄의 문어박사도 생각나고 ...암튼 여러애니가겹쳐져 문득문득 생각남 신고"
"26","보스 베이비 2별점 - 총 10점 중10어른인 제가 봤는데도 잼나게 잘 봤네요! 신고"
"27","보스 베이비 2별점 - 총 10점 중93도 나오면 좋겠어용 신고"
"28","보스 베이비 2별점 - 총 10점 중10재미있게 봤어요 영화가 주는 교훈도 있어요 신고"
"29","보스 베이비 2별점 - 총 10점 중9감동~ 노래도 넘 좋아요ㅎㅎ 신고"
"30","보스 베이비 2별점 - 총 10점 중10캐릭터들이 귀여웠어요~! 1편을 안보구 봐도 재밌습니다! 신고"
"31","보스 베이비 2별점 - 총 10점 중10보스베이비 너무 귀엽고 짱ㅎㅎㅎ 신고"
"32","보스 베이비 2별점 - 총 10점 중102편이 더더더 재밌었음!! 신고"
"33","보스 베이비 2별점 - 총 10점 중10실망을 저버리지 않는 드림웍스! 신고"
"34","보스 베이비 2별점 - 총 10점 중10TOGETHER WE STAND 신고"
"35","보스 베이비 2별점 - 총 10점 중9신고"
"36","보스 베이비 2별점 - 총 10점 중10뉴 보스 베이비 티나의 지시로 다시 베이비로 돌아간 테드와 형 팀세상을 구하기 위한 미션이 시작된다...~!! 신고"
"37","보스 베이비 2별점 - 총 10점 중10기대안하고 갔는데 엄청 귀여움과 스토리에 흐믓하게 웃고 나왔다. ㅎㅎ완전 팬이 되었네추천! 신고"
"38","보스 베이비 2별점 - 총 10점 중8혼란스럽고 이게 맞나 싶으면서도 정신없는 유쾌함과 귀여움에 온몸을 맡길 수 밖에 없다. 신고"
"39","보스 베이비 2별점 - 총 10점 중10너무 재밌게 봤어요... 감동도 있고 메시지도 담겨있어서 재밌게 봤어요~ 신고"
"40","보스 베이비 2별점 - 총 10점 중10OST가 너무 좋아요~!! 신고"
"41","보스 베이비 2별점 - 총 10점 중10호영이가 추천하는 최고의 영화! 홍수민 감동의 물결 신고"
"42","보스 베이비 2별점 - 총 10점 중1일단 완성도가 낮음. 영화라고 하기엔 질낮게 사상강요 영상으로 보임. 요즘 트렌드인 페미니즘으로 범벅. 전작 주인공을 가정주부로 만들어 놓고 가정주부하는 것을 만족해 하지도 않는 이상한 사람으로 만듦. 메인플롯이 없음. 굵은 이야기에 잔가지처럼 이야기가 붙어있어야 하는데 모든이야기가 잔가지라서 집중이 안되고 졸림. 개그파트 부분도 노력했으나 기억에 남는 장면이 없음. 전체적으로 1편으로 끝나야 했을 작품을 페미니즘 이야기가 하고 싶어서 2편을 만든 느낌. 더러워서 못보겠음. 신고"
"43","보스 베이비 2별점 - 총 10점 중10기승전결 퍼펙트bbh 신고"
"44","보스 베이비 2별점 - 총 10점 중7평이 좋기도하고 1을 너무 재밌게 봤어서 기대를 많이 하고 갔는데 솔직히 1보단 별로였고 조금 지루한 감이 있었어요! 그리고 1보고 보는 게 좋을 거 같네요 등장인물들 나올 때 1 안보고 보면 처음에 조금 헷갈리실 수도 있을 거 같아요! 신고"
"45","보스 베이비 2별점 - 총 10점 중5솔직히 1보다 많이 못했음. 볼만은 했지만 평타정도 신고"
"46","보스 베이비 2별점 - 총 10점 중10이야~~ 솔찍히 이건 아이들을 위한 애니가 아니고 부모를 위한 애니... ㅠㅠ나는 아이도 없고 결혼도 안했지만 이건 아이들을 위한게 아니고 부모들을 위한 애니다ㅠㅠ특히나 한국에서는 ㅠㅠ 아이 가지신 부모님들 이거 보고 힘내세요 ㅠ 진심 ㅠ 신고"
"47","보스 베이비 2별점 - 총 10점 중10너무 재밌게 잘 봤어요~ 1편에 이어 2편도 1편 못지 않게 재밌더라고요! 항상 1편을 볼 때 마다 테드가 티모시의 집에 온 뒤로 어떻게 됬을까, 2편은 언제나오나 궁금했었거든요>.< 티모시가 두 아이와 아빠가 되고 테드는 돈을 많이 벌어 부자가 됬는데도 성격은? 어떻게 변했을까요?! 재미있는 영화였고 1,2편에 이어서 3편도 꼭 나왔으면 좋겠어요^^ 꼭 한 번 보세요~1편 처럼 재밌어요♡ 저는 개인적으로 2편 보다는 1편이 더 재밌었던 것 같아요~ 아, 1편과 연결되어 나오는 영화여서 2편을 보기 전에는 1편을 먼저 보고 가시는 게 좋을 것 같아요^^ 신고"
"48","보스 베이비 2별점 - 총 10점 중6재미없어요. 지루하고 중간에 두어곳 잘린 듯 스토리전개 엉성합니다 신고"
"49","보스 베이비 2별점 - 총 10점 중101이 재미있어서 기대하고 봤는데 역시나 기대보다 더욱 재미있고 흥미로웠어요 힐링애니 !! 신고"
"50","보스 베이비 2별점 - 총 10점 중10진짜 너무 재밌고 웃긴장면도 중간중간에 있음 신고"
"51","보스 베이비 2별점 - 총 10점 중3(아주 미세한 약간의 스포 포함)일단 보스1은 뻔하다고 할 수 있다면 약간 뻔하다. 하지만 2의 경우는 전개가 친절하지 않으면 감동? 많이 애매하다. 1의 경우는 아기들의 마음을 잘 표현하고 가족에 대해서 중점이라면 이번에는 가족도 포함하지만 중심은 스토리에 중점이었기에 가족간의 그러한것은 1에 비해서 부족하다고 느꼈다. 심지어 왜인지 모르겠는 일본의 요소를 개연성 없이 들어가서 너무 불편했다. 일본어 쓰는 사람의 과거가 가족에 대해 풀이했을것이라고 예상을 했지만 그런것 없고 마지막 엔딩을 보고 도대체 이럴거면  왜 그런 행동을 했을지 전혀 예상이 안된다. 심지어 팀의 딸이 학교에서 일어나는것, 1편은 아기가 정체를 안들킬려고 했으나 2는 어째서 그러했는지 등등 이해가 안가는 부분이 많았으며 이걸보고 난 생각은 리뷰를 봐 스토리만 알고 1를 다시 보거나 소울을 보는것이 훨씬 좋다고 느낄정도이다. 실제로는 4점, 5점 짜리 영화이지만 1편의 안정적인 전개와 가족애를 보기위해 2를 찾아보는 사람들이 있을것이다(그것이 나 포함이다) 그러기에 3점이라고 본다. 3편이 나온다고 다시 보겠지만 개선이 없고 또 다시 일본어 지랑하면 절대 처다보지도 않을 것이며 제발 악당이 매력적인 1과 다르게 왜 그렇게 하는지 모를 악당인 2를 보면서 고치길 바란다. 보스베이비3만 해당이 아닌 감독의 다음 차기작에도 해당이 되는 이야기 이다. 신고"
"52","보스 베이비 2별점 - 총 10점 중5개인적으로 재미없고 지루했음. 타겟이 유아인것 같은데 애들이랑 같이 가족이서 보면 괜찮을 것 같음. 신고"
"53","보스 베이비 2별점 - 총 10점 중10귀여운 애기들과 애니메이션의 만남이란 정말 좋은걸요? 1보다 2가 더 잼네요!! 신고"
"54","보스 베이비 2별점 - 총 10점 중6영화의 소재와 캐릭터 비주얼은 좋았으나 스토리 전개와 개연성이 아쉽다 신고"
"55","보스 베이비 2별점 - 총 10점 중1친구랑 보러갓는데 싸우고나왓어요 신고"
"56","보스 베이비 2별점 - 총 10점 중10온 가족이 함께할 수 있는 영화 신고"
"57","보스 베이비 2별점 - 총 10점 중10늘 느끼는거지만 진짜 미쿡 애니는 상상력이 진짜 풍부^^재미도 재미지만 이번엔 감동까지 느껴짐~~ 신고"
"58","보스 베이비 2별점 - 총 10점 중101편 만큼이나 잼나요 기대하고 봤는데도ㅎ 신고"
"59","보스 베이비 2별점 - 총 10점 중10귀여움과 재밌음의 적절한 조화가 굿 신고"
"60","보스 베이비 2별점 - 총 10점 중8꿀잼 신고"
"61","보스 베이비 2별점 - 총 10점 중101편과 이어지는 내용이 자연스럽고 새로운 내용이라 더 재밌게 봤어요 신고"
"62","보스 베이비 2별점 - 총 10점 중10캐릭터가 귀엽고 스토리도 귀엽당 히히 신고"
"63","보스 베이비 2별점 - 총 10점 중10역시나 기대 이상으로 재밌게 본 보스 베이비2 신고"
"64","보스 베이비 2별점 - 총 10점 중2재미없어요ㅠ 졸았음. 거기에 가족애 감동 한방울 정도.. 보스베이비1은 잼있었는데 ㅡㅡ;;; 네티즌 평점 이해가 안가네요ㅠ 신고"
"65","보스 베이비 2별점 - 총 10점 중10짱이에요~ 잼있게 봤어요~ 신고"
"66","보스 베이비 2별점 - 총 10점 중10너무 좋아요! 어린시절로 돌아가 동생과 뛰놀고 싶네요! 신고"
"67","보스 베이비 2별점 - 총 10점 중10기분 좋게 볼 애니메이션으로서 딱 적합ㅎㅎ 신고"
"68","보스 베이비 2별점 - 총 10점 중9캐릭터들 너무너무 귀여워 진짜... 갖구싶다 베비들... 신고"
"69","보스 베이비 2별점 - 총 10점 중10쓸떼없는 장면이 없어서 좋았고 가족얘기에 울컥하고 결국 울었네요 시즌1 재밌게봤었는데 결국 끝나고도 울었음... 신고"
"70","보스 베이비 2별점 - 총 10점 중10상상력이 참 풍부ㅋㅋㅋ애니메이션을 이렇게 재밌게 보다니 신고"
"71","보스 베이비 2별점 - 총 10점 중10귀여웠어요 다시 보고싶어요^^! 신고"
"72","보스 베이비 2별점 - 총 10점 중10애기가 일한다는거ㅜㅜ 너무 귀여움ㅜㅜ 신고"
"73","보스 베이비 2별점 - 총 10점 중9성인인 내가 봐도 행복해진다 신고"
"74","보스 베이비 2별점 - 총 10점 중10아이들의 시각에서 벗어난 독특한 애니메이션이며 어른들도 재밌게 볼 수 있습니다~! 신고"
"75","보스 베이비 2별점 - 총 10점 중10너무 즐겁고 유익한 시간이 되었습니다 신고"
"76","보스 베이비 2별점 - 총 10점 중10교훈도 있고 감동도 있네여 신고"
"77","보스 베이비 2별점 - 총 10점 중10생각보다 잼나게 봤어요~~ 만족~~ 신고"
"78","보스 베이비 2별점 - 총 10점 중10아기가 귀여워서 더 재미있었다ㅋㅋㅋ 신고"
"79","보스 베이비 2별점 - 총 10점 중10재미와 감동 다 잡은 애니메이션!! 신고"
"80","보스 베이비 2별점 - 총 10점 중101도 재밌게 봤는데 2도 재밌고 아기들이 너무 귀여워요.. 신고"
"81","보스 베이비 2별점 - 총 10점 중10재밌네요 꿀잼입니당ㅎㅎ 신고"
"82","보스 베이비 2별점 - 총 10점 중10어린시절은 영원히 되돌아 오지 않는다는 대사가.. 왜케 뭉클하던지ㅠㅠ 신고"
"83","보스 베이비 2별점 - 총 10점 중10가족들이랑 보기도 좋은 영화인듯 신고"
"84","보스 베이비 2별점 - 총 10점 중10주제도 괜찮고 연출도 1편보다 더 좋았음 신고"
"85","보스 베이비 2별점 - 총 10점 중2너무 돈벌려고 만든 느낌이네요. 개연성도 떨어지고 악당의 연출 요소도 부족했음, 1편보다 너무 별로 스토리가 하나도 안탄탄하고 마지막에 대충 감동적인 요소 끼워서 만든 느낌 신고"
"86","보스 베이비 2별점 - 총 10점 중101편 보신분들은 2편  꼭 보세요^-^ 신고"
"87","보스 베이비 2별점 - 총 10점 중6왜이리평점이높은지.... 신고"
"88","보스 베이비 2별점 - 총 10점 중10너무 귀여웠고,거기에 감동적인 포인트까지ㅠㅠ울뻔ㅠㅠ 신고"
"89","보스 베이비 2별점 - 총 10점 중10진짜 너무 재밌어요 제발 보세요 보스베이비 1을 7번 봤어서 믿고봤는데 역시 보스베이비는..하 진짜 감동 포인트도 많이 있고 보스 베이비 1 좋아하는 사람들은 무조건 보셔야 해요 꼭 보세요 신고"
"90","보스 베이비 2별점 - 총 10점 중101편 만큼 재미있고 의미있네요 신고"
"91","보스 베이비 2별점 - 총 10점 중10너무 감동적이여따구!!! 신고"
"92","보스 베이비 2별점 - 총 10점 중10보스 베이비2 재밌어요! 보길 잘한듯~~! 신고"
"93","보스 베이비 2별점 - 총 10점 중10진짜 너무 귀엽고 재미있네요 ~^^ 신고"
"94","보스 베이비 2별점 - 총 10점 중10너무너무 재밌게 봤습니다... 뭔가 보면서 벌써 주인공들이 성인이 됐다고 생각하니 나도 같이 나이를 먹은 것 같다는 생각이..ㅎㅎ 아무튼 너무 재미있게 봤고 보스베이비 짱! 신고"
"95","보스 베이비 2별점 - 총 10점 중6글쎄요 1에 비해서 별로였어요더 화려해졌지만 ..심지어 영화 보다가 졸리기까지 신고"
"96","보스 베이비 2별점 - 총 10점 중10신고"
"97","보스 베이비 2별점 - 총 10점 중10감덩ㅠㅠ 어린이 영화수준이상의 감동 신고"
"98","보스 베이비 2별점 - 총 10점 중10보스베이비 볼땡이 넘넘 귀여워..ㅜㅜㅜ 신고"
"99","보스 베이비 2별점 - 총 10점 중10이거 존잼이에옹 애기가 부르는 노래도 좋았던ㅎㅎㅎ 신고"
"100","보스 베이비 2별점 - 총 10점 중10가족의 소중함을 다시 한번 느끼게 해준다 신고"
"101","보스 베이비 2별점 - 총 10점 중10생각보다 훨씬 더 재미있었어요 감동도 있구! 신고"
"102","보스 베이비 2별점 - 총 10점 중10너무 재밌었습니다... 후반이 꿀잼이에요..ㅜㅜㅜ 신고"
"103","보스 베이비 2별점 - 총 10점 중10등장인물들이 큰 모습과 형제자매간의 사랑과 부모자식간의 사랑을 잘 녹여낸 것 같았구 노래도 좋았음!! 신고"
"104","보스 베이비 2별점 - 총 10점 중6지나간 어린 시절을 떠올리게 하는 영화 신고"
"105","보스 베이비 2별점 - 총 10점 중10존잼이다 미쳤다... 신고"
"106","보스 베이비 2별점 - 총 10점 중2지나치게 산만함 애들은 좋아할듯 신고"
"107","보스 베이비 2별점 - 총 10점 중10재미있게 잘봤습니다 좋은 영화 감사합니다 신고"
"108","보스 베이비 2별점 - 총 10점 중10재밌고 귀여워 보스+_+ 신고"
"109","보스 베이비 2별점 - 총 10점 중10또 보러간건데 재미있어용 두번봐도 존잼! 신고"
"110","보스 베이비 2별점 - 총 10점 중10시즌1보다는더화려해진거같음 신고"
"111","보스 베이비 2별점 - 총 10점 중101편 보다 뮤지컬 적인 요소가 많아져서 그런가 넘 재밌게 봤어여ㅋㅋㅋ 신고"
"112","보스 베이비 2별점 - 총 10점 중10아이도 어른도 재밌게 잘 봤습니다 가족의 소중함을 느끼게 해주네요 신고"
"113","보스 베이비 2별점 - 총 10점 중10아직까지 보스베이비2 안 본 사람이랑 겸상안함 신고"
"114","보스 베이비 2별점 - 총 10점 중10치명적 매력을 가진 아가들이 나옵니닼ㅋㅋㅋ아기 좋아하시면 꼭 보세요 심쿵.... 신고"
"115","보스 베이비 2별점 - 총 10점 중10캐릭터들 귀엽고 영상미가 넘 좋아ㅎㅎㅎ 신고"
"116","보스 베이비 2별점 - 총 10점 중10성인이 봐도 재밌다 영상미랑 노래까지 굿 신고"
"117","보스 베이비 2별점 - 총 10점 중10유쾌해요 즐거워요 베이비들 맨날 보고싶어요 신고"
"118","보스 베이비 2별점 - 총 10점 중10귀여움과 영상미 만큼은 최고다 신고"
"119","보스 베이비 2별점 - 총 10점 중10귀여움은 여전히 최고 신고"
"120","보스 베이비 2별점 - 총 10점 중10속편이지만 재미있네요ㅋㅋ 신고"
"121","보스 베이비 2별점 - 총 10점 중101편도 2편도 상상력이 대단한 것 같아요!! 신고"
"122","보스 베이비 2별점 - 총 10점 중7정신없다..감동이 부족하다 신고"
"123","보스 베이비 2별점 - 총 10점 중10존잼이다ㅠ 또 볼거야!!! 신고"
"124","보스 베이비 2별점 - 총 10점 중10스토리도 짜임새있고 좋네유! 주말에 가족들이랑 간만에 좋은 시간 보내고 왔어요ㅎㅎㅎ 신고"
"125","보스 베이비 2별점 - 총 10점 중10가족들과 함께라면 행복하지요ㅎ 신고"
"126","보스 베이비 2별점 - 총 10점 중10유쾌해서 기분 좋은 >< 신고"
"127","보스 베이비 2별점 - 총 10점 중10베이비주식회사 면접 보고싶습니다ㅋㅋㅋㅋ 신고"
"128","보스 베이비 2별점 - 총 10점 중10보스 베이비 캐릭터들은 달라.. 남달라.. 애기 주제에 내 맘을 들었다 놨다해 신고"
"129","보스 베이비 2별점 - 총 10점 중10시간 가는 줄 몰랏네요 ㅎㅎ1편도 찾아 봐야겠습니다 신고"
"130","보스 베이비 2별점 - 총 10점 중2내가 보스베이비 1편은 재밌게 봤던 사람인데왜 이딴 어거지를 만들어서 내놓는지는..개인적으로 이걸 보느니 다른 효율적인 일을 하시는게 좋을 듯 합니다 아동이 봐도 유치할것 같은 영화정신 산만하고 스토리 급조한 게 티가 납니다 신고"
"131","보스 베이비 2별점 - 총 10점 중10즐겁게 볼 수 있는 영화였네용ㅎ0ㅎ 신고"
"132","보스 베이비 2별점 - 총 10점 중10가족간의 사랑이 중요한 것임을 새삼스레 느끼게 해주는 휴먼 애니메이션:) 신고"
"133","보스 베이비 2별점 - 총 10점 중10애니메이션은 취향 아닌데 이건 재밌네ㅋㅋㅋ 신고"
"134","보스 베이비 2별점 - 총 10점 중10정말 재미있게 잘 보았어요~ 신고"
"135","보스 베이비 2별점 - 총 10점 중10보스베이비 덕분에 아이들과 좋은 시간 보내고 왔어요~ 신고"
"136","보스 베이비 2별점 - 총 10점 중10푹 빠져 봤어요. 너무 좋습니다^^ 신고"
"137","보스 베이비 2별점 - 총 10점 중10기대했던 영화라서 재미있게 잘 봤어요! 신고"
"138","보스 베이비 2별점 - 총 10점 중10아이와 봤는데 한번 더 보고 싶다고 해서 자막으로 또 봤어요^^ 신고"
"139","보스 베이비 2별점 - 총 10점 중10시원한 영화관에서 유쾌한 애니 보니까 넘넘 좋더라구요 신고"
"140","보스 베이비 2별점 - 총 10점 중10어른들이나 아이들이나 다 좋아할 애니~~!! 신고"
"141","보스 베이비 2별점 - 총 10점 중10상상이상으로 재밌었어요!! 신고"
"142","보스 베이비 2별점 - 총 10점 중10하 캐릭터 너무 귀엽자나ㅠㅠ 신고"
"143","보스 베이비 2별점 - 총 10점 중10진짜 너무 귀여움 졸귀탱 신고"
"144","보스 베이비 2별점 - 총 10점 중10내용도 알차고 재밌게 봤어요 ~~ 신고"
"145","보스 베이비 2별점 - 총 10점 중10캐릭터 하나 하나 귀엽고 난리ㅠㅠㅠ 신고"
"146","보스 베이비 2별점 - 총 10점 중10세상에서 제일 귀여운 애니메이션 신고"
"147","보스 베이비 2별점 - 총 10점 중10스토리도 존잼이지만 ㅋㅋ 캐릭터들이 졸귀야ㅋㅋㅋ 신고"
"148","보스 베이비 2별점 - 총 10점 중9잘 봤어요 아이가 좋아하네요ㅎㅎ 신고"
"149","보스 베이비 2별점 - 총 10점 중10애니메이션이라서 지루할줄 알았는데 집중하며 재밌게 잘봤습니다 신고"
"150","보스 베이비 2별점 - 총 10점 중10굿굿 이런게 바로 힐링무비가 아닐지ㅋㅋㅋ 신고"
"151","보스 베이비 2별점 - 총 10점 중10보스베이비2 완전 강추합니다~^^ 신고"
"152","보스 베이비 2별점 - 총 10점 중10훈훈하고 교훈있는 영화였네용ㅎㅎ 신고"
"153","보스 베이비 2별점 - 총 10점 중10가족과 함께 보면 좋은 애니메이션 신고"
"154","보스 베이비 2별점 - 총 10점 중10깔깔 거리면서 잘봤네요ㅋㅋㅋ 간만에 힐링타임!! 신고"
"155","보스 베이비 2별점 - 총 10점 중101보다 더 깊고 찐한 감동이 ㅠㅠ 신고"
"156","보스 베이비 2별점 - 총 10점 중10아이들의 상상력을 키워주는 좋은 영화 신고"
"157","보스 베이비 2별점 - 총 10점 중10보스베이비2 전체적으로는 재미있네요 신고"
"158","보스 베이비 2별점 - 총 10점 중101편 안보구 봐두 귀엽고 재밌어요 신고"
"159","보스 베이비 2별점 - 총 10점 중101편도 잼났는데 이번 편도 웃기고 잘만들었다.ㅋㅋㅋㅋ 신고"
"160","보스 베이비 2별점 - 총 10점 중10조카들이 아주 재밌었다고 난리네요ㅋㅋㅋ 신고"
"161","보스 베이비 2별점 - 총 10점 중10가볍게 보러갔다 감동 받았네요 ㅎㅎ 신고"
"162","보스 베이비 2별점 - 총 10점 중10사랑에 빠질 수 밖에 없는 보스베이비! 신고"
"163","보스 베이비 2별점 - 총 10점 중9너무 귀여움 ㅜㅜㅜㅜ 제발 극장가서보셔요ㅜㅜㅜ 신고"
"164","보스 베이비 2별점 - 총 10점 중9보는 내내 미소가 떠나질 않네요ㅎ 신고"
"165","보스 베이비 2별점 - 총 10점 중10넘나 잼나게 보았습니다.^^팝콘을 먹을 수 없기에 아쉬웠지만요.ㅋ 신고"
"166","보스 베이비 2별점 - 총 10점 중103편도 나오겠죠? 애들도 좋아하지만 가족끼리 같이 보기 좋은 영화입니다. 신고"
"167","보스 베이비 2별점 - 총 10점 중5어른이된 보스베이비가 주니어를 통해 부활하는 이야기 신고"
"168","보스 베이비 2별점 - 총 10점 중8볼만했어요 한가지 아쉬운 점은 계절은 겨울 크리스마스던데 왜 여름에 냈는지 모를 일이네요 신고"
"169","보스 베이비 2별점 - 총 10점 중10진짜 실망시키질 않네ㅋㅋㅋ너무 재밌음 그냥 편한 마음으로 보러갔다가 눈물 나올뻔 함.. 신고"
"170","보스 베이비 2별점 - 총 10점 중10진짜 귀여워 죽겠네ㅋㅋㅋㅋ 신고"
"171","보스 베이비 2별점 - 총 10점 중8치명적인 보스베이비의 매력이 치임ㅜ 신고"
"172","보스 베이비 2별점 - 총 10점 중10재미있었습니다. 영상미도 좋았고, 감동도 있었어요 신고"
"173","보스 베이비 2별점 - 총 10점 중10영화 보는내내 너무귀여워 ㅋㅋ 신고"
"174","보스 베이비 2별점 - 총 10점 중10실제로 저렇게 귀여운 보스잇음 일열심히할텐데 신고"
"175","보스 베이비 2별점 - 총 10점 중10재미있다!! 귀엽구.. 크ㅎㅎ 신고"
"176","보스 베이비 2별점 - 총 10점 중10갠적으로1보다 잼슴 1안봐도 이해는 가지만 1보면 흥미로울 요소들이 초반에 같이 나옴 신고"
"177","보스 베이비 2별점 - 총 10점 중10아ㅠㅠ사람들 말 듣고 보스베이비 볼려구영 신고"
"178","보스 베이비 2별점 - 총 10점 중10그냥 너무 웃김 영화관에서 보는데 사람들 다 웃었어ㅋㅋㅋ 너무 귀엽고 재밌어요 신고"
"179","보스 베이비 2별점 - 총 10점 중10정말 최고의 영화이고 완전 강추요 신고"
"180","보스 베이비 2별점 - 총 10점 중10정말 재밌고 최고의 영화에요 신고"
"181","보스 베이비 2별점 - 총 10점 중101.가족과 서먹한걸 핑계대지말고 진솔해져보자 2.부모의 사랑은 절대적이다 신고"
"182","보스 베이비 2별점 - 총 10점 중10갠적으로 팀 성인됬을때 목소리 너무 멋졌다.찾아보니 제임스마스던. 신고"
"183","보스 베이비 2별점 - 총 10점 중10보스베이비 1 안보고 봤는데도 진짜 재밌었음ㅋㅋ 이거보고 담날 바로 보스베이비 1봄 ㅋㅋ 신고"
"184","보스 베이비 2별점 - 총 10점 중1이거 노잼임  이거말고 베놈2 보는게 날듯하다 신고"
"185","보스 베이비 2별점 - 총 10점 중10솔직히 1이 더 재밌긴 한데 너무 귀여워요???? 벌써 아빠 삼촌이 됫다니 ㅠㅠㅠㅜ 신고"
"186","보스 베이비 2별점 - 총 10점 중10넘 재밌게 봤습니다! 어른인데도 감동이 잔잔하게 느껴져서 좋았어요 신고"
"187","보스 베이비 2별점 - 총 10점 중10대박!! 아이랑 웃고~ 웃고~ 감동받으며 봤어요^^ 신고"
"188","보스 베이비 2별점 - 총 10점 중10기대를 안하고 봤는데 가족애를 담은 내용으로 재밌게 봤어요 이여름 더위도 잠시나마 쉴힐겸 영화를 보러갔는데 잼있는 영화를 부채질하면서 봤네요 신고"
"189","보스 베이비 2별점 - 총 10점 중10어제 봤었는데 제가 봤던 영화중 집중을 제일 많이한 것 같습니다 그냥 보스베이비와 보스베이2 둘다 재미이습니다 신고"
"190","보스 베이비 2별점 - 총 10점 중9너무 재밌게봤어요~~^^ 신고"
"191","보스 베이비 2별점 - 총 10점 중10말이 필요없는 영화입니당 꼭 보세용 신고"
"192","보스 베이비 2별점 - 총 10점 중9인생의 삶을 보는 내용 신고"
"193","보스 베이비 2별점 - 총 10점 중10티나랑 테드,팀 어릴때 귀엽♡♡♡ 그리고 팀이 마르코스라고 할때 티나 할머니,할아버지가 못알아봐서 짠함~~ 신고"
"194","보스 베이비 2별점 - 총 10점 중10신고"
"195","보스 베이비 2별점 - 총 10점 중7신고"
"196","보스 베이비 2별점 - 총 10점 중10그냥 개잼 ㅅ.ㅂ ㅋㅋㅋ 신고"
"197","보스 베이비 2별점 - 총 10점 중10너무 귀엽고 너무 재미있어요! 감동도 주고 행복한 영화입니다 ㅠㅠ 신고"
"198","보스 베이비 2별점 - 총 10점 중10진짜진짜 너무 재밌었어요ㅠㅠ 다시 보고 싶어요ㅠㅠ 신고"
"199","보스 베이비 2별점 - 총 10점 중10기레기들은 평점이 왜리 낮은가요..ㅡㅡ.. 신고"
"200","보스 베이비 2별점 - 총 10점 중10진짜 코로나때 할거없었는데 기대진짜많이한만큼 진짜 너무재밌었어요ㅠㅠㅜ?? 신고"
"201","보스 베이비 2별점 - 총 10점 중2진짜 지루했어요ㅜㅜ,1편을보구 넘기대했는데, 졸았습니다 신고"
"202","보스 베이비 2별점 - 총 10점 중6픽사와 마찬가지로 믿고 보는 드림웍스 애니 신고"
"203","보스 베이비 2별점 - 총 10점 중1평점들의 진정성이 정말로 의심된다.... 보다가 중간에 나온 몇안되는 영화중 하나 신고"
"204","보스 베이비 2별점 - 총 10점 중10신고"
"205","보스 베이비 2별점 - 총 10점 중101편은 아이들을 위한, 2편은 어른들을 위한 사랑스런 영화 신고"
"206","보스 베이비 2별점 - 총 10점 중9유치하고 단순했지만 오락성에서는 최고였고 캐릭터 역시 귀여웠음 신고"
"207","보스 베이비 2별점 - 총 10점 중10개인적으로 1보다 더 재밌었어요ㅠㅠ걍 보세요 신고"
"208","보스 베이비 2별점 - 총 10점 중10기대안하고 봣는데 정말 재밌게 봤어요! 신고"
"209","보스 베이비 2별점 - 총 10점 중10생각없이 캐쥬얼하게 볼만함 신고"
"210","보스 베이비 2별점 - 총 10점 중9재미있게 봤어요 신고"
"211","보스 베이비 2별점 - 총 10점 중10재밌네요. 기대 안하고 봐서 그런가? 신고"
"212","보스 베이비 2별점 - 총 10점 중10사랑스럽고 사랑스럽다,,이런 귀요미들,,, 신고"
"213","보스 베이비 2별점 - 총 10점 중6그냥 뭐 그랬음 9.72까지는 아니라고 생각함 신고"
"214","보스 베이비 2별점 - 총 10점 중9생각보다 훨씬 재미있어요 ㅎ 신고"
"215","보스 베이비 2별점 - 총 10점 중10재미감동 다 있네요ㅠㅠㅠㅠ끝나고산 퍼즐도 귀엽고 필름도 넘 귀여워요!!! 신고"
"216","보스 베이비 2별점 - 총 10점 중10진짜 재밌음 근데 둘 사이가 왜 소원해졌는지 안나와서 좀 아쉽다 넷플릭스 시리즈 더 나오면 그 내용 다뤄도 좋을듯 신고"
"217","보스 베이비 2별점 - 총 10점 중10원래 보통 1보다 2가 재미없는 경우가 많은데, 이번에는 1보다 재밌었어요ㅠㅠ 신고"
"218","보스 베이비 2별점 - 총 10점 중10진짜 너무너무 재밌어요!!!! 하  별로 기대 없이 갔는데 진짜 너무 재밌어서 충격,, 신고"
"219","보스 베이비 2별점 - 총 10점 중10솔직히 예전 시즌을 너무 재밌게 본터라 재미로 보러 왔는데 너무 감동적이고 재밌고 다 하더라구요 특히 자녀 계신 부모님들이 아이랑 같이 보시는거 너무 추천드려요 진짜 감동 먹고 재밌는 장면도 몇몇 있고 너무 재밌게 잘 본 영화 였습니다? 아 오에스티도 너무 좋은 영화 입니다 신고"
"220","보스 베이비 2별점 - 총 10점 중61편이 나음.뜬금없이 사요나라 사요나라 하는거되게 듣기 싫넹. 신고"
"221","보스 베이비 2별점 - 총 10점 중10너무 재밌었요. 꼭 보셔야 합니다 신고"
"222","보스 베이비 2별점 - 총 10점 중7여자친구가 보다가 슬퍼서 울었어요 신고"
"223","보스 베이비 2별점 - 총 10점 중8어른들이 볼 작품은 아님 신고"
"224","보스 베이비 2별점 - 총 10점 중9너무 웃기고 귀엽다 ㅋㅋ 신고"
"225","보스 베이비 2별점 - 총 10점 중10어린이들을 위한 최고의 영화 신고"
"226","보스 베이비 2별점 - 총 10점 중10아이들이 너무 좋아하네요~~ 잼있게 봤습니다. 신고"
"227","보스 베이비 2별점 - 총 10점 중10직접 가서 보니 어른들 밖에 없습니다.후회 안되는 영화입니다.즐겁게 보세요^^ 신고"
"228","보스 베이비 2별점 - 총 10점 중10어른들도 좋아할 귀여움ㅎㅎㅎ 신고"
"229","보스 베이비 2별점 - 총 10점 중10멋진 후속작. 1편보다 한층 더귀여워진 캐릭터들 팬들을 위한 서비스도 한가득 신고"
"230","보스 베이비 2별점 - 총 10점 중10완전 재밌어요 완전 꿀잼 신고"
"231","보스 베이비 2별점 - 총 10점 중10이 영화를 어린 아이들이 많이 볼 것이라 생각해 영화관 내 불편함을 미리 고민했던 내 자신이 부끄러워지던 영화. 신고"
"232","보스 베이비 2별점 - 총 10점 중10신고"
"233","보스 베이비 2별점 - 총 10점 중10진짜 귀엽다 3편도 기대할게요!!! 신고"
"234","보스 베이비 2별점 - 총 10점 중10진짜 재미있었어요~! 신고"
"235","보스 베이비 2별점 - 총 10점 중10전편보다 더 유쾌해지고 더 귀염폭발한 애니메이션 신고"
"236","보스 베이비 2별점 - 총 10점 중10방금 봤는데 한 번 더 보고싶은이 귀여움 ...살짝 감동까지 신고"
"237","보스 베이비 2별점 - 총 10점 중10블랙위도우 존나 억지 심한데그거 보다 100배 낫다다만 자막으로 조조로 봤는데나혼자 극장 빌려서 봄. 단 한명도 없었음내 생애 처음임 신고"
"238","보스 베이비 2별점 - 총 10점 중10보고 싶은데 코로나 무서워서 ㅠㅠ 신고"
"239","보스 베이비 2별점 - 총 10점 중10진짜 존잼 !!  ??          ??    ㅇ 신고"
"240","보스 베이비 2별점 - 총 10점 중10아이랑 함께 봤는데재밌기도 하고 감동 포인트도 있고 좋네요강추합니다 신고"
"241","보스 베이비 2별점 - 총 10점 중10계속 울었어요 .. 너무재밌어요.. 신고"
"242","보스 베이비 2별점 - 총 10점 중10쉴틈없이 몰아치는 재미ㅋㅋ 신고"
"243","보스 베이비 2별점 - 총 10점 중10정말 재밌음. 어른이 봐도 재밌어요 신고"
"244","보스 베이비 2별점 - 총 10점 중10너무 귀엽고 감동적ㅠㅠ 신고"
"245","보스 베이비 2별점 - 총 10점 중102살인데 재미있게보았다 신고"
"246","보스 베이비 2별점 - 총 10점 중10재밌습니다. 더빙으로 봤는데 괜찮았습니다. 신고"
"247","보스 베이비 2별점 - 총 10점 중10아이와 재미있게 봤습니다~^^ 신고"
"248","보스 베이비 2별점 - 총 10점 중10이 영화만큼 재밌는 영화 본 적이 없어요!베이비들 진짜 귀엽고 스토리도 감동적이니 꼭 보세요 몇 번씩 봐도 질리지 않을 것 같네요 강추합니다! 신고"
"249","보스 베이비 2별점 - 총 10점 중1""시간을 참신하게 낭비하는 방법"" 신고"
"250","보스 베이비 2별점 - 총 10점 중10솔직히 넘 재밌었어요♡♡ 신고"
"251","보스 베이비 2별점 - 총 10점 중10그냥 앙기모 찌찌 하네여 신고"
"252","보스 베이비 2별점 - 총 10점 중10너무 재미있어요!시리즈 2편이 재미있기 쉽지 않은데 이번 영화 너무 감동적이고 재밌답니다 ♥?완전 강추예요 :D 만들어 주셔서 감사드려용~ 신고"
"253","보스 베이비 2별점 - 총 10점 중10너무 사랑스러운영화! 보스베이비1 보다 더 재밌었어요 계속 나왔으면 좋겠네요ㅠ 꼭 보세요!! 강추강추 신고"
"254","보스 베이비 2별점 - 총 10점 중10가족에 소중함^^오늘만은 사이좋게 잘 지냈으면....잼있고 즐겁게 보고 왔습니다. 신고"
"255","보스 베이비 2별점 - 총 10점 중10보면 즐거워지는 영화! 강추! 신고"
"256","보스 베이비 2별점 - 총 10점 중10스마트폰중독 시대에 가족의 소중함을 깨닳게되는 영화 최고 였어요!ㅎㅎ 신고"
"257","보스 베이비 2별점 - 총 10점 중10너무 재미있고 감동도 있고 ㅜㅜㅜ 완벽 ㅜㅜ 신고"
"258","보스 베이비 2별점 - 총 10점 중10두 딸 키우는 아빠 입장에서 충분히공감되는 스토리 라인이며 아빠와 딸이부르는 노래도 좋고 딸이 발표회에서부르는 곡도 무척이나 좋아요. 영화끝나고 오는 길에 그 두곡을 반복해서계속 들으며 왔어요~ 신고"
"259","보스 베이비 2별점 - 총 10점 중10즐겁게 가족모두 함께 볼 수 있는 영화입니다 신고"
"260","보스 베이비 2별점 - 총 10점 중4보스베이비 1에서 느꼈던 소소한 재미와 귀여움이 사라지고, ost와 화려한 영상에 집중된 듯 하여 조금은 실망했습니다. 신고"
"261","보스 베이비 2별점 - 총 10점 중10겁나 귀엽다아.... 신고"
"262","보스 베이비 2별점 - 총 10점 중4말 빠르고 이야기전환이 빠른 편이라 어린이 관객들은 다 이해 못할 듯. 전작 잘 본 6살 아이가 계속 언제 끝나냐고 했어요.'다양성' 챙기느라 딸 둘 넣었겠지만 나온다 뿐이지 실질적으로 액션의 절대부분은 기존 남주 둘이 다 하니 괜히 이야기만 산만해진 느낌도.주제도 형제 우애, 가족 사랑 등 전작에서 한치도 나아가지 못하고 베이비나라 설정은 거의 의미가 없어졌고..오로지 '아기 모습'으로 힐링하고 싶은 사람 외에는 그다지 추천하고 싶지 않음. 신고"
"263","보스 베이비 2별점 - 총 10점 중10영화관에서 시청했는데 집에서 TV로 또 볼 거예요!진짜 너무 재밌고 감동스럽고 혼자 다 하는 영화입니다 ㅎ.ㅎ 그와중에 어른 된 팀 템플턴 너무 잘생겼어요.. 보자마자 반해가지고 팀 템플턴만 보게돼요..인생영화로 꼽을 만 하고 최고였습니다 신고"
"264","보스 베이비 2별점 - 총 10점 중10진짜 시간가는줄 몰랐고 진짜 인생영화가 될 것 같아요! 신고"
"265","보스 베이비 2별점 - 총 10점 중10신고"
"266","보스 베이비 2별점 - 총 10점 중10꼭 1편 보고 가세요. 연결이 많이 되고 보스베이비의 부하인 스테이시랑 점보가 부부로 나오는 등 알고 보면 훨씬 재밌게 볼 수 있습니다. 신고"
"267","보스 베이비 2별점 - 총 10점 중10귀염뽀짝합니다 보스베이비 신고"
"268","보스 베이비 2별점 - 총 10점 중10다시 봐도 재밌는 영화인거 같음 신고"
"269","보스 베이비 2별점 - 총 10점 중91편은 사실 되게 귀엽다 이렇게만 생각했었는데 2편은 정말 영화 진짜 잘 만들었다고 생각했다. 액션신이라고 하긴 뭐 하지만 급박한 장면도 되게 신이 나고 중간 중간 감동적인 부분이 정말 많았다. 특히 딸이 노래 부를 때 사람들이 음표로 변할 때 정말 눈물이 날 뻔할 정도로 아름다웠다. 최애 장면으로 꼽자면 이 장면이었다. 큰 기대 안 했는데 정말 너무너무 좋았던 영화였다 신고"
"270","보스 베이비 2별점 - 총 10점 중7신고"
"271","보스 베이비 2별점 - 총 10점 중4평보고 기대하고 갔지만.... 알바인가싶을정도로 노잼....난 1편안보고 갔는데 이해 안되게 설정된부분이 꽤 있는듯1편 본 일행도 1편보다 노잼이라고함...졸다옴 신고"
"272","보스 베이비 2별점 - 총 10점 중10올입도가 굉장히 높은 작품입니다 신고"
"273","보스 베이비 2별점 - 총 10점 중10꿀잼ㅍㄴ767645464646 신고"
"274","보스 베이비 2별점 - 총 10점 중10너무 감동적이고 재미있었읍니다 1보고 올만에 보니 넘 재밌고 감동적입니다^^~3도 나오면 무조건 봐야될 감동적 영화 입니다~ 신고"
"275","보스 베이비 2별점 - 총 10점 중10귀엽고 귀엽고 귀여워.... 힐링 신고"
"276","보스 베이비 2별점 - 총 10점 중10캐릭터 너무귀엽고 OST 좋아요. 신고"
"277","보스 베이비 2별점 - 총 10점 중10하 시간대안되서 더빙봣는데 더빙도 꿀잼 테드 너무 귀엽 자막으로 또보고싶음 신고"
"278","보스 베이비 2별점 - 총 10점 중10완전 재미있어요 역시 드림웍스~ 신고"
"279","보스 베이비 2별점 - 총 10점 중10감동적이네요 가족과 보면 좋을 것 같네요 신고"
"280","보스 베이비 2별점 - 총 10점 중10믿고보는 드림웍스 영화입니다^^ 신고"
"281","보스 베이비 2별점 - 총 10점 중10졸귀탱 베이비들.. 신고"
"282","보스 베이비 2별점 - 총 10점 중10그냥 언니랑 오전에 가볍게 보고 오려고 했는데 기대보다 더 재미있게 보고 왔어요 티나 너무 기여움.. 신고"
"283","보스 베이비 2별점 - 총 10점 중9생각했던 귀여움과 생각 못했던 감동까지 신고"
"284","보스 베이비 2별점 - 총 10점 중10신고"
"285","보스 베이비 2별점 - 총 10점 중10보스베이비1보다 재밌게 봄. 영상미가 화려해서 지루할 새가 없고, 약빨고 만들었나 싶은 전개 신고"
"286","보스 베이비 2별점 - 총 10점 중10꿀잼 1편 보면 더 재밌어요 신고"
"287","보스 베이비 2별점 - 총 10점 중101편도 재밌게 봤는데 이번 편도 좋아요~ 신고"
"288","보스 베이비 2별점 - 총 10점 중9너무 귀엽고 재밌고^^ㅎ 신고"
"289","보스 베이비 2별점 - 총 10점 중10탄탄하고 빠르게 진행되는 에피소드에 귀요미들까지 보는내내 행복했던 시간 신고"
"290","보스 베이비 2별점 - 총 10점 중10한층 더 귀여워진 베이비들ㅎㅎ 사랑스러워 죽겠당! 신고"
"291","보스 베이비 2별점 - 총 10점 중10보스베이비1보다 백배 더 재밌는듯 ㅋ 신고"
"292","보스 베이비 2별점 - 총 10점 중10너무 재미있네요 진작 볼 걸ㅎㅎㅎ 신고"
"293","보스 베이비 2별점 - 총 10점 중10캐릭터들과 스토리 다 너무 좋아요! 신고"
"294","보스 베이비 2별점 - 총 10점 중10가족들이랑 보기에 딱 좋은 귀요미 애니 신고"
"295","보스 베이비 2별점 - 총 10점 중10재미있었습니다 무조건 n차 갑니다!! 신고"
"296","보스 베이비 2별점 - 총 10점 중10귀엽고 보는내내 웃으면서 봤네요~보스베이비3 기대하고 있겠습니다~^^보시면 후회 없습니다 신고"
"297","보스 베이비 2별점 - 총 10점 중10재밌어요!!! 베비들 너무 귀여워요~~ 신고"
"298","보스 베이비 2별점 - 총 10점 중10귀여움 업그레이드됨ㅠ 신고"
"299","보스 베이비 2별점 - 총 10점 중9나름 감동도 잇고 잼나넹ㅎㅎ 신고"
"300","보스 베이비 2별점 - 총 10점 중98살 딸 아이가 너무너무 좋아했어요~ 신고"
"301","보스 베이비 2별점 - 총 10점 중10보는내내 귀여워 죽을 뻔... 또 보러 가야지ㅠㅠㅠ 신고"
"302","보스 베이비 2별점 - 총 10점 중10오랜만에 힐링 애니매이션:) 신고"
"303","보스 베이비 2별점 - 총 10점 중9여전히 귀여운 베이비들 신고"
"304","보스 베이비 2별점 - 총 10점 중9보는 재미와 생각하는 재미가 상당하네요ㅎㅎ 신고"
"305","보스 베이비 2별점 - 총 10점 중10아이는 물론 어른까지도 최고의 영화네요~ 신고"
"306","보스 베이비 2별점 - 총 10점 중10저도 잼났고 아이들과 즐겁게 봤어요~~ 신고"
"307","보스 베이비 2별점 - 총 10점 중9신나게 재밌게 봤습니다 신고"
"308","보스 베이비 2별점 - 총 10점 중10진짜 개재밌음 걍 보세요 신고"
"309","보스 베이비 2별점 - 총 10점 중10보스베이비 존잼이요~♡ 신고"
"310","보스 베이비 2별점 - 총 10점 중8가족 사랑이 느껴지는 영화였습니다ㅎㅎ 신고"
"311","보스 베이비 2별점 - 총 10점 중10아이들과 너무 행복한 시간이였습니다 신고"
"312","보스 베이비 2별점 - 총 10점 중9드림웍만의 환상적인 스토리의 전개 역시 최고다ㅎㅎㅎ 신고"
"313","보스 베이비 2별점 - 총 10점 중10전작을 뛰어넘는 속편 등장 신고"
"314","보스 베이비 2별점 - 총 10점 중10정말 재미있고 시간 가는줄도 모르게 본 애니메이션 신고"
"315","보스 베이비 2별점 - 총 10점 중10세상 귀여워서 미쳐버림 신고"
"316","보스 베이비 2별점 - 총 10점 중8오랜만에 순수해지는 느낌~~ 신고"
"317","보스 베이비 2별점 - 총 10점 중10초등 학생 아이들과 함께 봣는데 좋아 하네요^^ 저도 재밌게 봤구요~ 신고"
"318","보스 베이비 2별점 - 총 10점 중8진짜 드림웍스가 제대로 만들었네 신고"
"319","보스 베이비 2별점 - 총 10점 중10애니 별로 안좋아하는데 이건 완죤 내스타일!! 신고"
"320","보스 베이비 2별점 - 총 10점 중10주인공이 다 커서 부모님이 되었다가 어려지게 되면서 겪는 스토리인데,몇몇 대사가 너무 인상적이었습니다. 이 영화 추천합니다. 신고"
"321","보스 베이비 2별점 - 총 10점 중9귀여운 캐릭터와 환상적인 영상 그리고 유쾌한 음악 신고"
"322","보스 베이비 2별점 - 총 10점 중10너무 재미있게 감상했네요:) 신고"
"323","보스 베이비 2별점 - 총 10점 중10진짜 보스베이비 인형 사고싶어욬ㅋㅋ 신고"
"324","보스 베이비 2별점 - 총 10점 중10최고 귀여움ㅋㅋㅋ 지구뿌셔ㅠㅠ 신고"
"325","보스 베이비 2별점 - 총 10점 중10감동과 재미 둘다 있는 좋은 영화 신고"
"326","보스 베이비 2별점 - 총 10점 중101편만큼 스토리도 좋다 시간도 순삭 신고"
"327","보스 베이비 2별점 - 총 10점 중10아이들이 넘 좋아해요 ㅎㅎㅎ 어른들이 봐도 재밌어요ㅎㅎ 신고"
"328","보스 베이비 2별점 - 총 10점 중10잼났어요 모든 캐릭터들 다 조아요 신고"
"329","보스 베이비 2별점 - 총 10점 중10올해는 보스베이비2, 소울, 귀멸의 칼날같은 애니메이션들이 한국 3류영화들 쓸어버리네..경쟁력이 없으니까 쓸려나가지...대한민국에서는 100년이 지나도 나올수없는 애니메이션... 신고"
"330","보스 베이비 2별점 - 총 10점 중2댓글알바 … 하 속았어요 신고"
"331","보스 베이비 2별점 - 총 10점 중10woaldlTdjqhdlsek 신고"
"332","보스 베이비 2별점 - 총 10점 중7귀여움으로 모든 걸 커버한다. 신고"
"333","보스 베이비 2별점 - 총 10점 중31편보다는 좀.. 지루해요. 그래도... 볼만해요! 신고"
"334","보스 베이비 2별점 - 총 10점 중10신고"
"335","보스 베이비 2별점 - 총 10점 중10진짜 재밌다! 시즌1도 정말 재밌게 봤는데 시즌2는 기대이상이었다! 정말 후회없음! 꿀잼!!! 신고"
"336","보스 베이비 2별점 - 총 10점 중10재밌음 노래불러줄때 뭔가 슬펐음 ㅠ 신고"
"337","보스 베이비 2별점 - 총 10점 중10재밌는 영화다 너무 재밌어요 신고"
"338","보스 베이비 2별점 - 총 10점 중10드림웍스 최고의 작품ㅋㅋㅋㅋ 신고"
"339","보스 베이비 2별점 - 총 10점 중104년동안 기다린 보람이 있네요~ 꼭 보시길~~ 신고"
"340","보스 베이비 2별점 - 총 10점 중10최근에 본 코미디 영화 중에 젤 웃겨요.. 진짜 많이 웃음 꼭 봐주세요ㅠㅠ 신고"
"341","보스 베이비 2별점 - 총 10점 중9아이들하고 같이 보기에 좋은거 같아요~가족과 형제 자매의 소중함을 다시 한번...강츄강츄 신고"
"342","보스 베이비 2별점 - 총 10점 중10최고. 애들도 너무 좋아하고.올만에 잼나게 웃고갑니다 신고"
"343","보스 베이비 2별점 - 총 10점 중10애기영화 아님 감동적 노래가 좋음 신고"
"344","보스 베이비 2별점 - 총 10점 중10진짜 재미 있고 너무 귀여워영 보기 잘한거 같아영3편도 나와 주길? 신고"
"345","보스 베이비 2별점 - 총 10점 중10너무 귀엽고 힐링되는 영화예요. 무더위에 극장에서 바캉스 즐긴 기분 신고"
"346","보스 베이비 2별점 - 총 10점 중9오랜만에 티미&테드 형제가 돌아왔다!지만 솔직히 말하자면 티미와 테드 형제보다도 티미의 딸들인 타비타와 티나를 좀더 전면으로 내세우는게 좋지 않았을까 하는 생각도 든다. 나이먹으면서 자신도 모르게 약속을 어기고 갈라지게 되는 현실에서 저런 귀여운 딸들이 화해 해달라고 하면 바로 해야지! 신고"
"347","보스 베이비 2별점 - 총 10점 중10생각보다 좋은 아이디어고 흥미로웠다 신고"
"348","보스 베이비 2별점 - 총 10점 중10ㅡ뉴보스 넘 귀영ㄱㅡㅜㅜ 신고"
"349","보스 베이비 2별점 - 총 10점 중10올 여름 원픽!! 신고"
"350","보스 베이비 2별점 - 총 10점 중8앞부분 좀 유치하고 지루함.. 뒷부분되면 좀 재밌어용 노래는 좋음!! 신고"
"351","보스 베이비 2별점 - 총 10점 중41편은 기성품으로는  훌륭했는데 2편은  그저 안타깝다 신고"
"352","보스 베이비 2별점 - 총 10점 중10더위를 싹 날려줄 애니메이션, 깜찍함과 잔잔한 감동, 울림있는 노래가 정말 매력적입니다 신고"
"353","보스 베이비 2별점 - 총 10점 중10오랜만에 기분 좋아지고 행복해지는 러블리한 영화를 보았다 신고"
"354","보스 베이비 2별점 - 총 10점 중10보스의 두얼굴...만큼이나 재미있다규 신고"
"355","보스 베이비 2별점 - 총 10점 중6귀엽긴한데 취향이 아니어서 힘들었어요 신고"
"356","보스 베이비 2별점 - 총 10점 중10정말 재밌슴다!하지만 갠적으로 2볼꺼면 1을 보고 보는것두 좋을것 같아요! !쨌든 꼭 보시길! 정말 열심히 준비한게 보여서 더 애정이 갔어요 ㅎ 신고"
"357","보스 베이비 2별점 - 총 10점 중10기대안했는데 시간 금방가네요.ㅋㅋ 신고"
"358","보스 베이비 2별점 - 총 10점 중10재미있고캐릭터들이귀여웠어요^^ 신고"
"359","보스 베이비 2별점 - 총 10점 중10진짜 너무 귀여워서 보다가 심장에 무리왔어요 신고"
"360","보스 베이비 2별점 - 총 10점 중10역시 귀여운 건 최고지ㅠㅠㅠ 신고"
"361","보스 베이비 2별점 - 총 10점 중10마지막에 티나가 어린 시절은 한번 이지만 가족은 영원하다라는 말에 너무 뭉클했음 좋은 메세지를 전달해주는 영화 신고"
"362","보스 베이비 2별점 - 총 10점 중10감동적이어서 놀랐어요 신고"
"363","보스 베이비 2별점 - 총 10점 중10너무 재밌게봤어요 보스베이비는 역시 너무 귀여워요~ 신고"
"364","보스 베이비 2별점 - 총 10점 중2너무 재미없어요 …보다가 중간에 나왔어요.. 신고"
"365","보스 베이비 2별점 - 총 10점 중8재미있지만 전편이 더 나아요 신고"
"366","보스 베이비 2별점 - 총 10점 중10기다려왔던 보스베이비2 너무 재밌게 잘봤어요 신고"
"367","보스 베이비 2별점 - 총 10점 중10너무 존잼탱이었음ㅋㅋ 어른을 위한 애니메이션ㅋㅋㅋ추천합니당 신고"
"368","보스 베이비 2별점 - 총 10점 중10진짜 너무너무 재미있음 한번 더 보고싶다 신고"
"369","보스 베이비 2별점 - 총 10점 중9귀엽고 사랑스러운 베이비들ㅎㅎ 신고"
"370","보스 베이비 2별점 - 총 10점 중10볼거리랑 화면 구성이 풍부해서 눈으로 보는 재미가 쏠쏠ㅋㅋ 신고"
"371","보스 베이비 2별점 - 총 10점 중10최근 본 애니메이션 중에 제일 재밌는거 같아요 ^^3는 언제나오지 ㅎㅎ 신고"
"372","보스 베이비 2별점 - 총 10점 중8깨알같은 패러디가 곳곳에 신고"
"373","보스 베이비 2별점 - 총 10점 중10동심을 찾고싶으시다면 추천드립니당 신고"
"374","보스 베이비 2별점 - 총 10점 중10웃겨서 지루할 틈이 없네요. 어른이 봐도 넘 유쾌한 영화입니다. 신고"
"375","보스 베이비 2별점 - 총 10점 중9아이랑 함께 잼나게 잘 봤어요. 신고"
"376","보스 베이비 2별점 - 총 10점 중101보다 더 탄탄한 느낌. 신고"
"377","보스 베이비 2별점 - 총 10점 중8나도 저 회사 들어 가구 싶넹..ㅎ 신고"
"378","보스 베이비 2별점 - 총 10점 중10기엽구 내용도 좋았어요~~ 신고"
"379","보스 베이비 2별점 - 총 10점 중10드림웍스에 또 한번 빠지게 될 영화 신고"
"380","보스 베이비 2별점 - 총 10점 중10어른이되면 형제애를 가끔 잊어버리는데 형제는 형제인듯 귀여워서 웃다가 분가한 동생도 생각나네여 신고"
"381","보스 베이비 2별점 - 총 10점 중10 너무 재밌었어요 !! 그리고 애들이 이해하기엔 조금 어려운 부분도 있었던 것 같아요. 신고"
"382","보스 베이비 2별점 - 총 10점 중10전편보다 영상미랑 스토리가 더 업그레이드 되었네용ㅋㅋ 즐거운 시간 보내고 왔습니당 신고"
"383","보스 베이비 2별점 - 총 10점 중101편보다 한층 더귀여워진 캐릭터들 팬들을 위한 서비스도 한가득이당 신고"
"384","보스 베이비 2별점 - 총 10점 중10간만에 재미와 감동이 어우러진 질 좋은 애니를 보았음 신고"
"385","보스 베이비 2별점 - 총 10점 중10애들이 엄청 좋아하네요 만족합니다 신고"
"386","보스 베이비 2별점 - 총 10점 중8귀엽다 귀엽다 소리밖에 안나옴ㅋㅋㅋ 신고"
"387","보스 베이비 2별점 - 총 10점 중9역시보스베이비이얌ㅋ 신고"
"388","보스 베이비 2별점 - 총 10점 중10베이비들 볼 넘 귀여워 죽게따... 신고"
"389","보스 베이비 2별점 - 총 10점 중8너무 귀여웠어요 최구ㅎㅎㅎ 신고"
"390","보스 베이비 2별점 - 총 10점 중10역시 1편에 이어 재밌었던 보스베이비ㅋㅋㅋ 매년 나와주면 안되겠니.. 신고"
"391","보스 베이비 2별점 - 총 10점 중10믿고 보는 보스베이비♡ 신고"
"392","보스 베이비 2별점 - 총 10점 중9재미있어요 다음편도 나올까요? 신고"
"393","보스 베이비 2별점 - 총 10점 중10역시 드림웍스는 믿고 본다 신고"
"394","보스 베이비 2별점 - 총 10점 중10스토리를 정말 잘 만드는 드림웍스!! 보스 베이비 2도 대만족bb 신고"
"395","보스 베이비 2별점 - 총 10점 중9다양한 장르를 넘나드는 매력 ㅎ 신고"
"396","보스 베이비 2별점 - 총 10점 중10짱짱..ㅠㅠ 진짜 또 볼래요ㅠㅠ 신고"
"397","보스 베이비 2별점 - 총 10점 중10내가 제일 좋아하는 애니메이션 신고"
"398","보스 베이비 2별점 - 총 10점 중10역시 굿ㅋㅋㅋ 아이가 너무 좋아하더라구요 신고"
"399","보스 베이비 2별점 - 총 10점 중10최고최고 귀여움이 미쳣당 ㅋㅋ 신고"
"400","보스 베이비 2별점 - 총 10점 중10온 가족이 봤는데 정말 즐거웠어요 ^^ 신고"
"401","보스 베이비 2별점 - 총 10점 중10역시나 보스베이비, 기대 이상. 신고"
"402","보스 베이비 2별점 - 총 10점 중81편보다 조금 더 성숙해진 내용과 분위기ㅎㅎㅎ 신고"
"403","보스 베이비 2별점 - 총 10점 중8적당히 재밌었어요. 감동도 있고 ^^ 신고"
"404","보스 베이비 2별점 - 총 10점 중10진짜 재밌당. 베비들 사랑행 ㅎㅎㅎ 신고"
"405","보스 베이비 2별점 - 총 10점 중31편을 너무기대했나? 신고"
"406","보스 베이비 2별점 - 총 10점 중10유쾌하고 귀여워요! 남녀노소 누구나 다 재밌게 즐길 수 있는 영화! 신고"
"407","보스 베이비 2별점 - 총 10점 중9아이들이랑 보기 좋은 영화입니다 신고"
"408","보스 베이비 2별점 - 총 10점 중10벌써 4년이 지났다니ㄷㄷ 보스베이비2편도 너무 너무 재밌었다! 신고"
"409","보스 베이비 2별점 - 총 10점 중10보스베이비2 보고싶었는데 재미있게밨어요^^어른 아이 모두 즐겁게 볼 수 있는 영화입니다 1편에 이어 2편도 너무 좋았습니다 신고"
"410","보스 베이비 2별점 - 총 10점 중10캐릭터와 배우들 목소리, 대사, ost 다 좋다ㅠㅠ 신고"
"411","보스 베이비 2별점 - 총 10점 중9보스베이비 역쉬 스토리짱! 재밌게봤습니다!! 신고"
"412","보스 베이비 2별점 - 총 10점 중10어른들이 보기에도 귀엽고 재밌는 영화! 신고"
"413","보스 베이비 2별점 - 총 10점 중9오늘 보고 왔는데 아이들이 보다 어른들이 더 많더라ㅋㅋㅋ 잼씀 신고"
"414","보스 베이비 2별점 - 총 10점 중10최고의 드림웍스 애니메이션 시리즈 신고"
"415","보스 베이비 2별점 - 총 10점 중10아이들과 보기에 너무 좋네요 내용도 아이들 한테 맞춘 내용으로 아이들이 너무 재밌게 보더라구요^^ 신고"
"416","보스 베이비 2별점 - 총 10점 중8너무나도 뻔한 스토리이지만 (기승전결) 시간 때우기 딱 좋은 영화,,,. 자극적이지 않아서 8점 신고"
"417","보스 베이비 2별점 - 총 10점 중9더빙으로 한번 더 보고싶네요ㅋㅋ 신고"
"418","보스 베이비 2별점 - 총 10점 중101탄보다 보는 재미는 더 많음~~ 신고"
"419","보스 베이비 2별점 - 총 10점 중9역시 보스베이비~~ 속편도 잼나구만~~ 신고"
"420","보스 베이비 2별점 - 총 10점 중10또 반해버렸네ㅠㅠㅠ 보스베이비2 대박나자아 신고"
"421","보스 베이비 2별점 - 총 10점 중10개인적으로 보스베이비는 매년 개봉했으면 좋겠다ㅠㅠ 신고"
"422","보스 베이비 2별점 - 총 10점 중10더워서 짜증낫는데 베이비보니까 힐링댐.ㅋ 신고"
"423","보스 베이비 2별점 - 총 10점 중10보는내내 기분 좋은 영화였달까? 갖구싶다 이 영화! 신고"
"424","보스 베이비 2별점 - 총 10점 중9스토리가 1편보다 전체적으로 더 좋아진 느낌! 역대급일듯! 신고"
"425","보스 베이비 2별점 - 총 10점 중10아이들이 너무 좋아합니당! 신고"
"426","보스 베이비 2별점 - 총 10점 중10 가족이랑 행복했던 순간이 생각났다 신고"
"427","보스 베이비 2별점 - 총 10점 중10기대보다 더 좋았어요!! 신고"
"428","보스 베이비 2별점 - 총 10점 중9보는내내 행복했어요ㅎㅎ 신고"
"429","보스 베이비 2별점 - 총 10점 중10상상이상의 재미와 반전 매력 쩌는 캐릭터들까지ㅠㅠㅠ 넘 귀엽고 사랑스럽 신고"
"430","보스 베이비 2별점 - 총 10점 중9유쾌하고 귀여운 힐링무비 신고"
"431","보스 베이비 2별점 - 총 10점 중8생각했던거 보다 재밌어요~ 신고"
"432","보스 베이비 2별점 - 총 10점 중10뜻밖의 재미난 애니메이션 ㅎㅎ 신고"
"433","보스 베이비 2별점 - 총 10점 중10큰 기대 안하고 봤는데 완전 재밌게 봤어요! 신고"
"434","보스 베이비 2별점 - 총 10점 중8어른도, 아이도 다 즐거워할 영화였어요 신고"
"435","보스 베이비 2별점 - 총 10점 중10이상하게 극장에 어른들이 더 많음ㅋㅋ 나같은 사람들이겠지 신고"
"436","보스 베이비 2별점 - 총 10점 중2내용도 뻔하고 유치했어요.. 신고"
"437","보스 베이비 2별점 - 총 10점 중10유쾌하다 아이보다 어른이 더 좋았던 영화 신고"
"438","보스 베이비 2별점 - 총 10점 중10너무 재미있었요  보스베이비 신고"
"439","보스 베이비 2별점 - 총 10점 중10신고"
"440","보스 베이비 2별점 - 총 10점 중1댓글알바 많네 진짜 노잼인데 신고"
"441","보스 베이비 2별점 - 총 10점 중10귀요미 베이비 또 보고 싶어요 신고"
"442","보스 베이비 2별점 - 총 10점 중10세상 귀여움ㅠ_ㅠ♥ 신고"
"443","보스 베이비 2별점 - 총 10점 중10엄청 즐겁게 시간 가는줄 모르게 본 애니메이션 영화. 신고"
"444","보스 베이비 2별점 - 총 10점 중10믿고 보는 드림웍스!ㅋㅋ 신고"
"445","보스 베이비 2별점 - 총 10점 중10너무 귀엽구 사랑스러워요!! 갠적으로 소장하고 싶은 영화랄까 ㅎㅎ 신고"
"446","보스 베이비 2별점 - 총 10점 중10막 날라다니고 터지고 귀엽고 이건 뭐 너무 재밌네ㅠㅠㅠ 신고"
"447","보스 베이비 2별점 - 총 10점 중9귀여움에 뒤집어진다 증말!! 신고"
"448","보스 베이비 2별점 - 총 10점 중10아이들 뿐만 아니라 어른이 보기에도 좋습니다. 순수한 어린시절을 되새겨 볼 수 있는 영화인것 같습니다^^ 신고"
"449","보스 베이비 2별점 - 총 10점 중8어른이 봐도 재밋는 애니메이션ㅋㅋ 신고"
"450","보스 베이비 2별점 - 총 10점 중10심각하게 귀엽고 재밌어.. 신고"
"451","보스 베이비 2별점 - 총 10점 중10귀여운 캐릭터와 내용 모두 재미있다 신고"
"452","보스 베이비 2별점 - 총 10점 중10귀여운 애니메이션ㅎㅎ 깔끔한 엔딩 메세지까지 굿~ 신고"
"453","보스 베이비 2별점 - 총 10점 중212 신고"
"454","보스 베이비 2별점 - 총 10점 중10동생이 있는 사람이라면 한번쯤을 느껴봤을 법한 이야기로 이렇게 재미있게 풀어나가다니ㅋㅋ 신고"
"455","보스 베이비 2별점 - 총 10점 중9보는내내 너무 귀여워서 재밌게 봤네요~ 신고"
"456","보스 베이비 2별점 - 총 10점 중9완전 별 기대없이 봤는데 꿀잼 ㅋㅋ 신고"
"457","보스 베이비 2별점 - 총 10점 중10아 너무 귀엽네요ㅠㅠㅠ 재미있었습니다!! 신고"
"458","보스 베이비 2별점 - 총 10점 중10넋 놓고 봤어요 주인공들도 귀여웠어요ㅎㅎ 신고"
"459","보스 베이비 2별점 - 총 10점 중9귀여운건 크게 봐야 제 맛! 신고"
"460","보스 베이비 2별점 - 총 10점 중10애니 중에 제일 재밋는듯ㅠㅠ 신고"
"461","보스 베이비 2별점 - 총 10점 중8애기들이 너무 귀엽고 시간가는줄 몰랐어요ㅋㅋ 신고"
"462","보스 베이비 2별점 - 총 10점 중10엄청 재밌고 행복한 영화네요 신고"
"463","보스 베이비 2별점 - 총 10점 중9귀엽고 재밌고 내스탈ㅋㅋㅋㅋ 신고"
"464","보스 베이비 2별점 - 총 10점 중10OST부터 대사, 목소리, 영상미까지 어느 하나 부족함이 없네요 신고"
"465","보스 베이비 2별점 - 총 10점 중10시즌2는 시즌 1만큼 재밌는경우 거의없어서 볼까말까 고민했는데 너무 귀여워..강추.. 신고"
"466","보스 베이비 2별점 - 총 10점 중8아이들보기에는 괜찮은것같아요 신고"
"467","보스 베이비 2별점 - 총 10점 중101편을 너무재미있게봤던영화.2편도 재미나게봄. 앞으로 3, 4편도 계속나와주길.. 너무귀여움!! 신고"
"468","보스 베이비 2별점 - 총 10점 중101편보다 더 재밌다ㅠㅠ 신고"
"469","보스 베이비 2별점 - 총 10점 중10보스 베이비 2 빨리 보세요 존잼이니까! 신고"
"470","보스 베이비 2별점 - 총 10점 중9극장에서 봐야 꿀잼 신고"
"471","보스 베이비 2별점 - 총 10점 중10재미와 감동을 동시에 느낄 수 있는 영화! 신고"
"472","보스 베이비 2별점 - 총 10점 중8어른이 되면서 잃을 것도 얻는 것도 있지.. 신고"
"473","보스 베이비 2별점 - 총 10점 중8따뜻하구 사랑스러운 스토리ㅎㅎ 신고"
"474","보스 베이비 2별점 - 총 10점 중10친구가 유치원선생님 출신인데 애기 싫다고 한거같은데 보는내내 웃더라구요~ 같이 덤으로 웃으면서 편안하게 본거 같아요:) 개인적으로 1편이 더 재밌긴 함! 신고"
"475","보스 베이비 2별점 - 총 10점 중10눈물흘렸습니다… 신고"
"476","보스 베이비 2별점 - 총 10점 중9보스베이비 1만큼 잼있었어요 ~~~ 신고"
"477","보스 베이비 2별점 - 총 10점 중10귀엽고 재밌고 유쾌하고.. 또 봐도 재밌을듯! 신고"
"478","보스 베이비 2별점 - 총 10점 중8보스 베이비 이렇게 귀여운거 반칙아님? 신고"
"479","보스 베이비 2별점 - 총 10점 중9재밌고 귀엽당 사랑스러웡! 신고"
"480","보스 베이비 2별점 - 총 10점 중10어제 영화관 가서 보고 왔는데 매일 보고싶당... 신고"
"481","보스 베이비 2별점 - 총 10점 중7노래 개좋노~!!! ost 만으로 충분히 가치있다!! 한스짐머 사랑해!!! 화이팅!! 신고"
"482","보스 베이비 2별점 - 총 10점 중10이번편 진짜 졸귀탱이자너 신고"
"483","보스 베이비 2별점 - 총 10점 중101편보다 더 재밌게봤어요^^ 신고"
"484","보스 베이비 2별점 - 총 10점 중9빵빵 터지는 재미가 있네요ㅋㅋㅋ 유쾌하다아 신고"
"485","보스 베이비 2별점 - 총 10점 중10보스가 좋아서 영화관 가서 2번 보고 왔다 신고"
"486","보스 베이비 2별점 - 총 10점 중10넘넘 재밋어요 귀요미 베이비들 보는 재미도 쏠쏠합니다!! 신고"
"487","보스 베이비 2별점 - 총 10점 중1평점 다 알바인가요..  1에 비해서 스토리도 억지스럽고 개연성도 없고 유머도 억지스럽고..시간 아깝고 최근 본 영화중 최악.. 신고"
"488","보스 베이비 2별점 - 총 10점 중8초등학생 큰딸이 웃으면서 보면서 좋아했어요. 가족을 다시 한번 생각해보게 하는 내용이네요. 신고"
"489","보스 베이비 2별점 - 총 10점 중10이번 스토리도 꿀잼쓰 신고"
"490","보스 베이비 2별점 - 총 10점 중10큰 화면에서 귀여운 것들이 왔다 갔다 거리니까 심장이 말랑말랑해짐ㅎㅎㅎ 신고"
"491","보스 베이비 2별점 - 총 10점 중10간만에 영화관 가서 보니까 너무 좋다 내눈에 귀여운 것들이 꽉 차있음.. 신고"
"492","보스 베이비 2별점 - 총 10점 중10""어린 시절은 짧아도 가족은 영원하다.""- 티나 / 가족의 소중함을 다시금 일깨워주는 영화!! 강추합니다 :) 신고"
"493","보스 베이비 2별점 - 총 10점 중10너무 웃겨요.개인적으로는 1보다 재미있는거 같아요.아기들도 넘 귀엽고 ㅎㅎ 신고"
"494","보스 베이비 2별점 - 총 10점 중10보기만해도 기분 조아지는 영화 ㅋㅋ 신고"
"495","보스 베이비 2별점 - 총 10점 중9보스베이비 2 정말 유쾌하고 재미있게 봤습니다~ 신고"
"496","보스 베이비 2별점 - 총 10점 중10세상 너무 귀여운 베이비들ㅠㅠ 신고"
"497","보스 베이비 2별점 - 총 10점 중101편도 좋았는데 2펀도 좋네요 신고"
"498","보스 베이비 2별점 - 총 10점 중10기대하고 아이들이 봤는데 좋다고들하네요 신고"
"499","보스 베이비 2별점 - 총 10점 중10귀엽고 재미있네요~ 풍부한 상상력이 신선합니다^^ 신고"
"500","보스 베이비 2별점 - 총 10점 중10세상 젤 귀여운 보스베이비 +_+ 신고"
"501","보스 베이비 2별점 - 총 10점 중10진짜 재미있고 시간가는 줄 몰랐어요 아이들도 어른들도 재미있는 영화예요 신고"
"502","보스 베이비 2별점 - 총 10점 중9귀여운 베이비들이 잊혀지지 않네용.. 신고"
"503","보스 베이비 2별점 - 총 10점 중9귀엽고 아이들과 같이 보기에 너무 괜찮은 영화에요 신고"
"504","보스 베이비 2별점 - 총 10점 중10보스베이비 3탄도 기대하겠습니다~ 신고"
"505","보스 베이비 2별점 - 총 10점 중10형제 자매가 있는 아이에게 너무 좋은 영화 신고"
"506","보스 베이비 2별점 - 총 10점 중8아이도 어른도 푹 빠졌네요 신고"
"507","보스 베이비 2별점 - 총 10점 중91편보다 더 재밋눈거 같습니다 신고"
"508","보스 베이비 2별점 - 총 10점 중10내 인생 영화 오늘부터 보스 베이비2임 신고"
"509","보스 베이비 2별점 - 총 10점 중8나도 저런 보스가 있었으면~~ 신고"
"510","보스 베이비 2별점 - 총 10점 중9나 어제 이거 보고 오늘 하루종일 보스베이비 생각뿐임 ㅠ 신고"
"511","보스 베이비 2별점 - 총 10점 중8요런 귀여움은 극장에서 느껴야함>< 신고"
"512","보스 베이비 2별점 - 총 10점 중10오랜만에 영화 보면서 웃었던거 같아요 어른이 보기에도 너무 재미있고 감동적이기까지하네요 신고"
"513","보스 베이비 2별점 - 총 10점 중10보스 베이비 같은 동생 갖구파ㅠ ㅠ 신고"
"514","보스 베이비 2별점 - 총 10점 중9이거 1편을 왜 극장에서 안봤을까ㅎ 신고"
"515","보스 베이비 2별점 - 총 10점 중9보스베이비는 진짜 명작이야...너무 이쁨..그래픽이 진짜같고 따뜻하고 말랑말랑 귀여운 애기볼살의 질감마저 살려냄...ㄹㅇ볼때마다 행복ㅠ...내용도 너무 귀엽고.. 신고"
"516","보스 베이비 2별점 - 총 10점 중9무조건 극장에서 봐야 귀여움 제대로 만끽할 수 있듬 신고"
"517","보스 베이비 2별점 - 총 10점 중8재미났어요~~~ 거기다 감동까지ㅎㅎㅎ 신고"
"518","보스 베이비 2별점 - 총 10점 중10여고생 4명이서 봤는데 뒷자리 앉은 애기들보다 더 많이 웃다가 나왔습니다…ㅎ 신고"
"519","보스 베이비 2별점 - 총 10점 중10아이와 부모가 함께 보면 좋을듯...^^ 신고"
"520","보스 베이비 2별점 - 총 10점 중9스토리 요소가 탄탄해서 저도 재밌게 봤어요^^ 신고"
"521","보스 베이비 2별점 - 총 10점 중9이런 기발한 스토리라니. 너무 참신했고. 그래픽 기술이 너무 좋아서. 캐릭터들도 너무 귀여웠다. 신고"
"522","보스 베이비 2별점 - 총 10점 중9동생의 소중함을 느낄 수 있었다.. 내 동생은 보스 베이비가 아닌게 함정ㅋㅋㅋ 신고"
"523","보스 베이비 2별점 - 총 10점 중8보는 내내 행복했던 영화 신고"
"524","보스 베이비 2별점 - 총 10점 중10재난 +액션+코믹+감동+사랑 =완전체 라고 할수 있겠다..ㅋㅋㅋ 신고"
"525","보스 베이비 2별점 - 총 10점 중9이전보다 더 귀여워졌잖아ㅠㅜ 신고"
"526","보스 베이비 2별점 - 총 10점 중10아이들보다 어른이 더 재밌어한 영화였어요 ㅋㅋㅋ 신고"
"527","보스 베이비 2별점 - 총 10점 중10완전 재밌어요 완전 꿀잼 신고"
"528","보스 베이비 2별점 - 총 10점 중105살 아이랑 잘봣습니다^^ 신고"
"529","보스 베이비 2별점 - 총 10점 중9귀엽고 발찍한 아기 보스의 활약 신고"
"530","보스 베이비 2별점 - 총 10점 중9보고울엇다. 아기 너무 귀엽다 신고"
"531","보스 베이비 2별점 - 총 10점 중10귀엽고 재밌고 다 하고 난리났다 보스가문 ㅋ 진짜 삼대?가 보베인가여? 신고"
"532","보스 베이비 2별점 - 총 10점 중8세상에서 젤귀여워 신고"
"533","보스 베이비 2별점 - 총 10점 중10드림웍스는 언제나 기대이상이다 신고"
"534","보스 베이비 2별점 - 총 10점 중10재미와 감동이 공존하는 영화ㅠㅠ 신고"
"535","보스 베이비 2별점 - 총 10점 중10다시 볼 의향 200프로 두번보세요!! 신고"
"536","보스 베이비 2별점 - 총 10점 중9보스베이비 넘넘 귀여웤ㅋㅋ 신고"
"537","보스 베이비 2별점 - 총 10점 중10보스 베이비 너무 조아ㅜㅜ너무 귀여워 신고"
"538","보스 베이비 2별점 - 총 10점 중8아이들이 재밌대요.. 귀엽긴하나봐요 신고"
"539","보스 베이비 2별점 - 총 10점 중10귀엽다 신고"
"540","보스 베이비 2별점 - 총 10점 중2이렇게 정신없고 재미없는 영화는 처음이에오 전개도 억지스럽고 억지웃음에 억지 감동 시간이 아깝네요 신고"
"541","보스 베이비 2별점 - 총 10점 중10신고"
"542","보스 베이비 2별점 - 총 10점 중8아빠와 딸의 이야기... 딸있는 아빠들 꼬~ 옥 보세요.   아빠와 딸이 좋아합니다. 신고"
"543","보스 베이비 2별점 - 총 10점 중8전편 봤으면 그들의 독특한 형제애가 비틀리게 변형됐을 거란 걸 짐작 가능하다. 가족애와 형제애까지 동시에 잡은 잘 만든 속편. 깨알 반지의 제왕 패러디 등 영화 많이 본 분들은 혼자 웃는 요소가 몇 개 있다. 형제가 같이 보면 좋을 몇 안 되는 영화라 생각한다. 일단 재밌다.ㅎㅎ 신고"
"544","보스 베이비 2별점 - 총 10점 중6조금 기대하고 가서 그런가 1보단 재미없고 그냥 내용도 그럭저럭 돈주고 보고싶진 않아요 ㅠ 개봉하자마자 갔는데 언제끝나나 기다리고 있기만 했어요 신고"
"545","보스 베이비 2별점 - 총 10점 중62편을 만들필요가있었나싶다 신고"
"546","보스 베이비 2별점 - 총 10점 중10진짜 재밌음 시리즈물이 전작보다 더 재밌는경우 별로 없는데 이건 더 재밌었고 퀄도 올라갔고 애기덜 너무x100 귀여움 그냥 보세요.. 스토리도 잘짰고 감동재미 다 챙긴 수작임 신고"
"547","보스 베이비 2별점 - 총 10점 중101편도 너무 재밋었는데 개인적으로 2편을 더 재밋게본듯해요 ㅋㅋㅋㅋ 영화끝나고 일어나기가 싫고 이OO 시간가는줄 모르고 봤습니다 신고"
"548","보스 베이비 2별점 - 총 10점 중9웃음과 감동을 동시에!!시즌 1 보다 재밌는 듯^&^ 신고"
"549","보스 베이비 2별점 - 총 10점 중101편을 너무 재밌게 봐서 이번 편도 기대하고 봤는데 기대를 저버리지 않네요!! 신고"
"550","보스 베이비 2별점 - 총 10점 중10어른이 봐도 재밌게 볼 수 있는 애니:) 신고"
"551","보스 베이비 2별점 - 총 10점 중10와우...,,이런 영화가 있나요? 신고"
"552","보스 베이비 2별점 - 총 10점 중1돈 뱉어내라고 따지고 싶을 정도로 노잼 신고"
"553","보스 베이비 2별점 - 총 10점 중8전편의 교훈과 감동이 2배 타바사의 귀여움과 노래는 덤 신고"
"554","보스 베이비 2별점 - 총 10점 중10귀엽고따뜻한 시간 ?? 신고"
"555","보스 베이비 2별점 - 총 10점 중10최고다1편과는 다른. 신고"
"556","보스 베이비 2별점 - 총 10점 중1알바천국임 . 리뷰 아이디가 죄다 rz5x*** 이런식으로 막 친 아이디뿐인거만 봐도 알바마케팅임. 쓰려면 정성이라도 들이던가, 누가봐도 알바식 문장 신고"
"557","보스 베이비 2별점 - 총 10점 중10너무 재미있어요 ㅠㅠ 울고 웃곸ㅋㅋㅋ 신고"
"558","보스 베이비 2별점 - 총 10점 중8다좋은데 첫째딸 왜 피부색이 바뀌었는지...PC는 이해한다만 굳이 그렇게까지 해야하나..? 영상미나 스토리는 다 좋았음 신고"
"559","보스 베이비 2별점 - 총 10점 중10보스베이비1도 그렇고 2도 그렇고 가족이야기를 너무 재밌고 감동적이게 잘 표현한 영화같다. 애니메이션이다 보니 어느정도 다음 장면이 예측되긴 했지만 그 또한 애니메이션만의 재미라고 생각한다. 영화 보러 왔는데 힐링하고 가는 기분이였다. 진짜 다들 너무너무너무 귀여워서 또 보고 싶다는 생각했다. 신고"
"560","보스 베이비 2별점 - 총 10점 중10감동적인 가족이야기였던 것 같아요! 신고"
"561","보스 베이비 2별점 - 총 10점 중10사랑스럽고ㅜ 귀엽고 난리났네 난리났어 동생 꼬셔서 한번 더 봐야짘ㅋ 신고"
"562","보스 베이비 2별점 - 총 10점 중101편보다 스케일도 커지고 재미도 커짐 ㅋㅋ 신고"
"563","보스 베이비 2별점 - 총 10점 중10애들 겨냥이 아니라 어른겨냥느낌? 화목한가정에서 살았으면 공감할게 많음 신고"
"564","보스 베이비 2별점 - 총 10점 중10깜찍하고 앙큼한 귀여운 베이비들 대거 등장 신고"
"565","보스 베이비 2별점 - 총 10점 중10너무 귀여워서 기절할뻔..ㅠㅠㅠ 거기에 감동은 덤..♡ 신고"
"566","보스 베이비 2별점 - 총 10점 중10재밌게 봤어요. 아기 너무 귀엽네요! 신고"
"567","보스 베이비 2별점 - 총 10점 중9힐링 제대로 하고 옴 ㅋ 신고"
"568","보스 베이비 2별점 - 총 10점 중9가볍게 보기 좋고 귀여웡 ㅋㅋㅋ 신고"
"569","보스 베이비 2별점 - 총 10점 중10유쾌한 영화입니다 너무 재밌게 봤어오용 신고"
"570","보스 베이비 2별점 - 총 10점 중10날도 덥고 집도 답답했는데 오랜만에 아이들이랑 재밌게 보고 왔네요 시원하고 완전 천국이 따로 없었습니다ㅎㅎㅎ 신고"
"571","보스 베이비 2별점 - 총 10점 중10귀엽고 상상력이 대단하다 신고"
"572","보스 베이비 2별점 - 총 10점 중6역시 1편만한 속편이 없네요. 기대가 컸어서 그런지 좀 실망스러웠습니다. 먼저 영화 보러 가자했던 9살 딸이 재미없다고 중간에 집에 가자더라고요ㅜㅜ그래도 애니메이션 좋아하는 엄마는 1편과의 연결고리도 찾고 음악도 괜춘해서 그냥 괜찮은~ 딱 그 정도의 영화였습니다. 신고"
"573","보스 베이비 2별점 - 총 10점 중10보스베이비는 캐릭터 만으로도 합격! 신고"
"574","보스 베이비 2별점 - 총 10점 중10보고 또 봐도 재밌을듯ㅋ 신고"
"575","보스 베이비 2별점 - 총 10점 중10꼭 보세요 심쿵.... 신고"
"576","보스 베이비 2별점 - 총 10점 중8베이비주식회사 면접 보고싶습니다 신고"
"577","보스 베이비 2별점 - 총 10점 중10재치 넘치는 장면들과 아이디어들이 너무 좋았어요. 신고"
"578","보스 베이비 2별점 - 총 10점 중9보스베이비 같은 아기 낳고싶다ㅋㅋㅋ 신고"
"579","보스 베이비 2별점 - 총 10점 중10간만에 넘넘 유쾌한 시간이였어요. 신고"
"580","보스 베이비 2별점 - 총 10점 중9새로운 시각의 보스베이비^^ 신고"
"581","보스 베이비 2별점 - 총 10점 중8난 이런 귀여운거 좋더라.. 신고"
"582","보스 베이비 2별점 - 총 10점 중9아기들 귀여워요ㅠㅠ 재밌어요ㅠㅠ 신고"
"583","보스 베이비 2별점 - 총 10점 중1노노ㅗ노ㅗ노노ㅗㅗ잼 신고"
"584","보스 베이비 2별점 - 총 10점 중10보스베이비 만드신 분들 진짜 천재일겁니다. 재미는 보장 받고 보는겁니다. 신고"
"585","보스 베이비 2별점 - 총 10점 중10어른도 볼 수 있을 만큼 즐겁고 재밌던 영화 신고"
"586","보스 베이비 2별점 - 총 10점 중1시바시바시ㅐ세ㅏ시바 신고"
"587","보스 베이비 2별점 - 총 10점 중9귀여워서 눈을 돌릴 수 없었다.. 내가 여태까지 본 영화들 중 젤 귀여버.. 신고"
"588","보스 베이비 2별점 - 총 10점 중10노래도 좋고 재밌어용 ㅠㅠ 개그요소도 많고 눈도즐거움 신고"
"589","보스 베이비 2별점 - 총 10점 중10믿고 보는 보스 베비~~ 신고"
"590","보스 베이비 2별점 - 총 10점 중10넘 재미나고 웃긴 내용도 많았어요ㅎㅎ 다음에 또 3편이 나오면 또 볼것 같은 영화네요! 신고"
"591","보스 베이비 2별점 - 총 10점 중10감동 과 재미가 함께 하는 애니메이션! 신고"
"592","보스 베이비 2별점 - 총 10점 중10가족들이랑 같이 봤는데 너무 귀엽고 감동적이었어용 신고"
"593","보스 베이비 2별점 - 총 10점 중1나는 이거 1보다 더 재미없음..아동학대로 이슈되는데 아동학대를 하다니... 신고"
"594","보스 베이비 2별점 - 총 10점 중10내 인생 영화 등극... 신고"
"595","보스 베이비 2별점 - 총 10점 중8스로리상 너무 어지럽고 왔다갔다 하는장면이 많았지만 그래도 무얼의미하는지는 이해가됬어용 하지만보는도중 소울 보는 느낌이 언짢아 있긴있어서.. 신고"
"596","보스 베이비 2별점 - 총 10점 중10꼭 보세요 꿀잼임^^^ 신고"
"597","보스 베이비 2별점 - 총 10점 중10너무 귀여워서 기절할뻔ㅠㅠ기분좋게 보고나옴 그래 이시국엔 이런영화지... 신고"
"598","보스 베이비 2별점 - 총 10점 중10베이비들이 가진 치명적 매력을 알고싶다? 그럼 봐야됨 캐릭터 하나하나 귀여움 끝판왕임 신고"
"599","보스 베이비 2별점 - 총 10점 중10기대이상으로 웃겨요^^ 신고"
"600","보스 베이비 2별점 - 총 10점 중10귀여움과 사랑스러움의 극치ㅠㅠ내일도 보러간다구요 신고"
"601","보스 베이비 2별점 - 총 10점 중10처음부터 끝까지 귀엽다 귀여워서 지구뿌실뻔ㅠㅠ하ㅠㅠㅠ 신고"
"602","보스 베이비 2별점 - 총 10점 중10재미있어요 저는 성인인데 아주 재미있게 봤네요. 신고"
"603","보스 베이비 2별점 - 총 10점 중61편보단 스토리는 중구난방인 느낌이 강함 그래도 아직도 귀여운 아기들 신고"
"604","보스 베이비 2별점 - 총 10점 중10답답한요즘 오랜만에 조카랑 함께 보는데 내가 더 재밌게 봤네요 역시 믿고보는 드림웍스!! 신고"
"605","보스 베이비 2별점 - 총 10점 중10애기들 너무 귀여워ㅜㅜㅜ 완전 N차 각!!ㅎㅎ 신고"
"606","보스 베이비 2별점 - 총 10점 중10진짜 너무 귀엽고 너무 재밌어요 꼭 보시길!!!! 신고"
"607","보스 베이비 2별점 - 총 10점 중10코미디 어드벤쳐 액션 감동까지!!어느것하나 놓치지않았다! 오랜만에 온가족이 다 만족하는 영화였다 신고"
"608","보스 베이비 2별점 - 총 10점 중10진심 3만들어 주세요 제발 신고"
"609","보스 베이비 2별점 - 총 10점 중6블랙위도우가 백배 천배 더 재밌네 신고"
"610","보스 베이비 2별점 - 총 10점 중10애기들 너무 귀여웡ㅜㅠ 신고"
"611","보스 베이비 2별점 - 총 10점 중10 벌써부터 기대된당>< 신고"
"612","보스 베이비 2별점 - 총 10점 중10귀여운 애기들을 보니 덩달아 기분이 좋아지는것 같아요:) 신고"
"613","보스 베이비 2별점 - 총 10점 중10재미에 볼거리에 감동까지 신고"
"614","보스 베이비 2별점 - 총 10점 중4아이들은 눈에 담으세요. 남는 건 사진뿐이 아니라는 공익광고. 신고"
"615","보스 베이비 2별점 - 총 10점 중10신고"
"616","보스 베이비 2별점 - 총 10점 중6그냥 그저그런 영화였어요 신고"
"617","보스 베이비 2별점 - 총 10점 중10영상미가 장난이아니네요 내용 캐릭터 모두 푹 빠져봤어요 신고"
"618","보스 베이비 2별점 - 총 10점 중5서로를 존경하고 좋아하는 형제 신고"
"619","보스 베이비 2별점 - 총 10점 중10역시 애니메이션은 캐릭터가 반 이상 먹고 들어감. 너무 사랑스러움ㅠㅠ 신고"
"620","보스 베이비 2별점 - 총 10점 중10마음에 힐링을 얻을 수 있으면서  스토리 전개도 훌륭니다. 여러분 꼭 보세요. Ost도 마음에 속들고 계속 듣고싶어요. 신고"
"621","보스 베이비 2별점 - 총 10점 중101편도 너무 귀엽더니ㅠㅠㅠ 2편도 너무 귀여움ㅠㅠㅠ 신고"
"622","보스 베이비 2별점 - 총 10점 중8재밌고 귀여워서 보는 내내 기분이 좋아요 신고"
"623","보스 베이비 2별점 - 총 10점 중10진짜 너무 귀엽고 재미있었음!!!?? 신고"
"624","보스 베이비 2별점 - 총 10점 중10역시 보스베이비…ㅜㅜ 신고"
"625","보스 베이비 2별점 - 총 10점 중8어른도 봐도 괜찮은 영화 인것 같다 가족이 얼마나 중요한지 알려주는 영화 크리스마스에 개봉했으면 더 좋았겠네요 스토리 나쁘지 않았고 개연성이 아쉬운 부분이 있긴 있었지만 괜찮은 영화 였습니다 신고"
"626","보스 베이비 2별점 - 총 10점 중10신고"
"627","보스 베이비 2별점 - 총 10점 중10최고의 영화다 너무 재밌다 신고"
"628","보스 베이비 2별점 - 총 10점 중6뒤에는 볼만 하긴 했는데 전체적으로는 좀 유치하고 기대이하였음 신고"
"629","보스 베이비 2별점 - 총 10점 중10보스 왤케 귀여워 ㅠㅠ  보고 나서 보스앓이 중 ㅠㅠ 1편 다시보고 또본다 진짜 ㅠ 신고"
"630","보스 베이비 2별점 - 총 10점 중10주인공 너무 귀여워요. 감동! 신고"
"631","보스 베이비 2별점 - 총 10점 중10테드 너무 귀여워요  테드 짱 신고"
"632","보스 베이비 2별점 - 총 10점 중10진짜 너무너무 재밌어요! 강추합니다!!ㅎ 신고"
"633","보스 베이비 2별점 - 총 10점 중10정말 재미있게 본 작품같아요ㅠㅠ 눈물 엄청 흘리고ㅠㅠ 신고"
"634","보스 베이비 2별점 - 총 10점 중10오랜만에 영화관 가서 귀여운 거 보면서 힐링! 신고"
"635","보스 베이비 2별점 - 총 10점 중10진짜 너무 귀여워요!!! 마지막에 감동까지 있어서 더 만족ㅠㅠ 신고"
"636","보스 베이비 2별점 - 총 10점 중10역시 애니메이션은 나를 실망시키지않아..! 딸래미 받으려고 아빠가 뛰어갈때 퐁퐁퐁 변하면서 뛰어가는 그 연출력이란.. 꼭 너를 안으려고 이만큼의 시간을 달려왔어 같음 신고"
"637","보스 베이비 2별점 - 총 10점 중10보스베이비2  너무재미있네요!내용도탄탄하고 감동도 있고~재미있게 잘봤습니다^^ 신고"
"638","보스 베이비 2별점 - 총 10점 중10어른이 봐도 잼께 봣네요^^ 신고"
"639","보스 베이비 2별점 - 총 10점 중10가볍게 보러갔다 귀여움에 힐링하고 왔습니다ㅠㅠ 신고"
"640","보스 베이비 2별점 - 총 10점 중10돌아온 보스베이비가 너무 귀여우면서도 재밌는 영화였어요!! 신고"
"641","보스 베이비 2별점 - 총 10점 중10우리 아이 때문에 봤는데 남편이랑 제가 더 많이 웃고 나왔네요~~!!^^ 신고"
"642","보스 베이비 2별점 - 총 10점 중10아이들도 또 보고 싶다 하네요^^ 신고"
"643","보스 베이비 2별점 - 총 10점 중10매력적인 주인공과 위트넘치는 스토리 신고"
"644","보스 베이비 2별점 - 총 10점 중10이런 영화라면 N차 찍어야디 ㅋㅋ 신고"
"645","보스 베이비 2별점 - 총 10점 중10캬 기대를저버리지 않네요!! 신고"
"646","보스 베이비 2별점 - 총 10점 중8유치하기만 할 줄 알았던 영화인데 은근 재밌더라.. 어른이 봐도 재밌게 볼 수 있는 애니인듯 신고"
"647","보스 베이비 2별점 - 총 10점 중10드림웍스가 또 한건해냄 보스 졸귀 ㅜ 신고"
"648","보스 베이비 2별점 - 총 10점 중10기분 좋아지는 영화였습니다 신고"
"649","보스 베이비 2별점 - 총 10점 중10난 작은 아빠가 너무 좋아♡ 신고"
"650","보스 베이비 2별점 - 총 10점 중10울 아가들 하고 싶은거 다 해! 뭘 해도 귀여움만은 놓치지말자.. 신고"
"651","보스 베이비 2별점 - 총 10점 중10귀여운 보스베이비! 교훈도있고 감동도 있네여! 신고"
"652","보스 베이비 2별점 - 총 10점 중9이렇게 귀엽게 있기? 신고"
"653","보스 베이비 2별점 - 총 10점 중10기다림 이상으로 좋앗어요ㅋㅋㅋ 신고"
"654","보스 베이비 2별점 - 총 10점 중9시간 가는 줄 몰랏네요 ㅎㅎ1편도 찾아 봐야겠습니다 신고"
"655","보스 베이비 2별점 - 총 10점 중10너무 재밌음 이런 애니 조음ㅠㅠㅠ 신고"
"656","보스 베이비 2별점 - 총 10점 중10푹 빠져서 봤어욥ㅋㅋ 또 볼 예정! 신고"
"657","보스 베이비 2별점 - 총 10점 중9캐릭터 하나 하나 귀엽고 난리ㅠ 신고"
"658","보스 베이비 2별점 - 총 10점 중9세상에서 제일 귀여운 애니메이션 신고"
"659","보스 베이비 2별점 - 총 10점 중10스토리도 존잼이지만 ㅋㅋ 캐릭터들이 졸귀야ㅋㅋㅋ 신고"
"660","보스 베이비 2별점 - 총 10점 중10사랑에 빠질 수 밖에 없는 보스베이비! 신고"
"661","보스 베이비 2별점 - 총 10점 중10너무 귀여움 ㅜㅜㅜㅜ 제발 극장가서보셔요ㅜㅜㅜ 신고"
"662","보스 베이비 2별점 - 총 10점 중8보는 내내 미소가 떠나질 않네요ㅎ 신고"
"663","보스 베이비 2별점 - 총 10점 중8진짜 귀여워 죽겠네ㅋㅋㅋㅋ 신고"
"664","보스 베이비 2별점 - 총 10점 중10캐릭터 하나하나 너무 귀여워서 심장 아팡 신고"
"665","보스 베이비 2별점 - 총 10점 중10ㅋㅋㅋ 귀여움 한도초과 이맛에 애니메이션본다 신고"
"666","보스 베이비 2별점 - 총 10점 중10귀여움 두 배 진짜 심장아파 ㅠㅠ 보고나면 너무 기분 좋아지고 극장에서 봐야 찐인듯! 신고"
"667","보스 베이비 2별점 - 총 10점 중10아 보스베이비 역시 보길 잘했어 ㅠㅠ 역시나 넘나 귀여웠어요 흑 신고"
"668","보스 베이비 2별점 - 총 10점 중10코믹은 물론 귀엽고 좋았어요ㅎㅎ 이건 진짜 어른들이 봐도 재밌는 애니네용ㅎㅎ 신고"
"669","보스 베이비 2별점 - 총 10점 중9여름방학 최고의 영화입니다 신고"
"670","보스 베이비 2별점 - 총 10점 중10감동인 장면도많았고 가족의 애뜻한이야기를 재미있고 귀엽게 영화로 볼수있어서 좋았습니다! 다시한번 또 보러가고싶네요~♡ 신고"
"671","보스 베이비 2별점 - 총 10점 중10실망시키지않는 드림웍스 신고"
"672","보스 베이비 2별점 - 총 10점 중10어른이지만 너무 재미있게 본 영화! 남녀노소 가릴 것 없이 다같이 보면 더 재밌을 듯 신고"
"673","보스 베이비 2별점 - 총 10점 중6Ost 좋고 스토리 별로더라구요 그래도 재밌어요! 신고"
"674","보스 베이비 2별점 - 총 10점 중10시종일관 베이비들 너무 귀여움ㅠㅠㅠ 귀여운 베이비들로 오늘치 힐링 가능합니다 신고"
"675","보스 베이비 2별점 - 총 10점 중10귀여움과 재미에 치였네용 보스 넘 귀여버 주거용ㅠㅠ 신고"
"676","보스 베이비 2별점 - 총 10점 중10마지막에 교훈도 있고 알찬 애니메이션이였다 신고"
"677","보스 베이비 2별점 - 총 10점 중10귀여운거 멋있는거 다 하는^^ 신고"
"678","보스 베이비 2별점 - 총 10점 중10이렇게 귀여워도 될 일..? 극장에서 본 애니메이션 넘 올만인데, 1편보다 더 재밌어진 베이비들 왕크니까 왕귀엽다!!!! 신고"
"679","보스 베이비 2별점 - 총 10점 중10귀여워서 시간 가는 줄도 몰랐어용 ㅋㅋ 신고"
"680","보스 베이비 2별점 - 총 10점 중10치명적인 보스베이비의 매력이 치임ㅜ 신고"
"681","보스 베이비 2별점 - 총 10점 중9동심을 제대로 보여준 영화 신고"
"682","보스 베이비 2별점 - 총 10점 중10완전 귀엽고 너무 재밌게 봤어요ㅋㅋㅋㅋ 신고"
"683","보스 베이비 2별점 - 총 10점 중10완전 재미있어 ㅋㅋㅋ 웃겨요!! 신고"
"684","보스 베이비 2별점 - 총 10점 중8캐릭터넘귀여워요~~ 신고"
"685","보스 베이비 2별점 - 총 10점 중8베이비 캐릭터 귀염귀염♡ 신고"
"686","보스 베이비 2별점 - 총 10점 중10귀엽고 재미있었어요.사랑스러운 스토리!! 신고"
"687","보스 베이비 2별점 - 총 10점 중10아기들의 볼 만져보고 싶다 신고"
"688","보스 베이비 2별점 - 총 10점 중10너무 너무 재미나게 관람했습니다~ 신고"
"689","보스 베이비 2별점 - 총 10점 중9귀여운 영화였어요~^^♡ 신고"
"690","보스 베이비 2별점 - 총 10점 중8귀엽고 사랑스러운 영화 신고"
"691","보스 베이비 2별점 - 총 10점 중10귀여움은 당연하고 내용도 좋은데 시즌1 보다 더 웃기고 좋았어요ㅋㅋㅋ 신고"
"692","보스 베이비 2별점 - 총 10점 중10귀여운 보스 베이비들 덕분에 시원하게 힐링 했습니다~~ 다들 보러가셔요~~~ 신고"
"693","보스 베이비 2별점 - 총 10점 중10완전 유쾌하고 감동도 있고...짱ㅠㅠㅠ 신고"
"694","보스 베이비 2별점 - 총 10점 중9군더더기 없이 간결한 재미가 한가득 신고"
"695","보스 베이비 2별점 - 총 10점 중8보스베이비 캐릭터 너무 매력적임 신고"
"696","보스 베이비 2별점 - 총 10점 중9귀엽고 상상력이 풍부한 영화였어요^^ 신고"
"697","보스 베이비 2별점 - 총 10점 중9더없이 흥겹구 경쾌한 영화임!! 신고"
"698","보스 베이비 2별점 - 총 10점 중9귀여워서 영화보는 내내 엄마미소ㅎㅎㅎ 신고"
"699","보스 베이비 2별점 - 총 10점 중10귀엽고 재밌고 즐거운 영화 신고"
"700","보스 베이비 2별점 - 총 10점 중10왤케 재미있는지~~~ 신고"
"701","보스 베이비 2별점 - 총 10점 중103살아이를 둔 아빠입니다. 올해 들어 제일 많이 웃었던 거 같아요. 지금 다니는 회사 때려치고 베이비 주식회사 입사하고 싶네요ㅋㅋ 보스베이비 완전 추천합니다! 신고"
"702","보스 베이비 2별점 - 총 10점 중10너무 귀엽고 신선하게 재밌었어요 1편도 봐야겠어요 신고"
"703","보스 베이비 2별점 - 총 10점 중10너무너무너무 귀여운 베이비 잘 보고 왔어여 짱 재밌습니다ㅎㅎㅎ 신고"
"704","보스 베이비 2별점 - 총 10점 중10진짜 너무 재밌게 봤어요!! 또 보고싶네요ㅋㅋ 3편도 나오면 좋겠네요>< 신고"
"705","보스 베이비 2별점 - 총 10점 중9너무 귀여워서 정신없이 봤네ㅎㅎㅎ 신고"
"706","보스 베이비 2별점 - 총 10점 중10애들이 재미 있데요  추천 신고"
"707","보스 베이비 2별점 - 총 10점 중10역시 기대한 것 이상으로 귀엽고 재밌었어요!! 신고"
"708","보스 베이비 2별점 - 총 10점 중8귀엽고 깜찍했어요~~^^ 신고"
"709","보스 베이비 2별점 - 총 10점 중9보스베이비 넘나 귀여운것 신고"
"710","보스 베이비 2별점 - 총 10점 중10속편인데 이렇게 재밌다니ㅋㅋㅋ 솔직히 기대 안했는데 넘 재밌게 봤네용 신고"
"711","보스 베이비 2별점 - 총 10점 중9보스베이비2 즐겁고 재미있었습니다. 신고"
"712","보스 베이비 2별점 - 총 10점 중10더운 여름에 영화관에 가서 시원하게 보냈습니다! 1편 봐서 기대하면서 예매했는데 기대 이상이네요! 재미있게 잘 봤습니다! 신고"
"713","보스 베이비 2별점 - 총 10점 중8너무 귀여운 영화야 신고"
"714","보스 베이비 2별점 - 총 10점 중10기대보다 더 좋았어요!! 굿굿!! 신고"
"715","보스 베이비 2별점 - 총 10점 중9더운 여름날 시원하게 볼만한 애니메이션 신고"
"716","보스 베이비 2별점 - 총 10점 중1030넘은 내가 애니메이션을 이렇게나 재밌게 보다니ㅋㅋㅋㅋ 신고"
"717","보스 베이비 2별점 - 총 10점 중9코믹은 물론 귀엽기까지행ㅠㅠ 신고"
"718","보스 베이비 2별점 - 총 10점 중10보스베이비2 4년의 기다림이 초기여움으로.. 신고"
"719","보스 베이비 2별점 - 총 10점 중10힐링타임으로 봤는데 너무 좋았어요! 신고"
"720","보스 베이비 2별점 - 총 10점 중8초등 학생 조카 들과 함께 봣는데 좋아 하네요^^(거리두기로 다 떨어져 앉앗음) 신고"
"721","보스 베이비 2별점 - 총 10점 중84년동안 진짜 드림웍스가 제대로만들엇네여ㅓㅋㅋㅋ 신고"
"722","보스 베이비 2별점 - 총 10점 중10너무 좋네영!!!완죤내스타일!! 신고"
"723","보스 베이비 2별점 - 총 10점 중10완전완전 재밌었어요 시간가는줄 몰랐음 신고"
"724","보스 베이비 2별점 - 총 10점 중10너무 재밌어요ㅠㅠ진짜 보스베이비 인형 사고싶어욬ㅋㅋ 신고"
"725","보스 베이비 2별점 - 총 10점 중10보는내내 행복했어요 신고"
"726","보스 베이비 2별점 - 총 10점 중101편보다 더 귀엽게 돌아왔구만ㅎㅎ 신고"
"727","보스 베이비 2별점 - 총 10점 중10스토리도 탄탄하고 연출도 뛰어나서 아이들 뿐만 아니라 어른들도 몰입하면서 볼 수 있는 영화인 것 같아요. 눈도 즐겁고 귀도 즐거운 영화예요. 시간 나면 한 번 더 보러 갈 생각이 있을 정도로 재미있었습니다 ;) 신고"
"728","보스 베이비 2별점 - 총 10점 중10기발하고 귀여운 캐릭터어른이가 봐도 재밌어요~ 신고"
"729","보스 베이비 2별점 - 총 10점 중8재밋어요 ㅎㅎ보스베이비 계속 보고싶어요 신고"
"730","보스 베이비 2별점 - 총 10점 중10완전 재밌네요 귀여움 끝장이네요ㅋㅋㅋ 신고"
"731","보스 베이비 2별점 - 총 10점 중8오ㅋㅋ 재미있게보았네요ㅋㅋ 신고"
"732","보스 베이비 2별점 - 총 10점 중101편보다 스토리가 더 탄탄해진 것 같아요! 아주 재미있게 잘 봤습니다 :D 신고"
"733","보스 베이비 2별점 - 총 10점 중91편보다 더 탄탄한 구성인 것 같았어요 스토리가 너무 좋았어요 신고"
"734","보스 베이비 2별점 - 총 10점 중10기대안하고 아이랑 보러갔는데 어른들이 깔깔웃다 나왔어요. 더빙판말고 자막으로 보는거 추천이요ㅋㅋ 신고"
"735","보스 베이비 2별점 - 총 10점 중10기대한만큼  좋았습니다^^ 신고"
"736","보스 베이비 2별점 - 총 10점 중10역시! 아이랑 함께 잼나게 잘 봤어요^^ 신고"
"737","보스 베이비 2별점 - 총 10점 중10코로나로 거의 2년만에 간 극장인데 너무 재밋게 봤네요 ㅋ주인공들 너무 귀엽고 몰입감도 최고 입니다 ㅋㅋ 자녀 있으신 분들은 자녀와 함께 꼭 보세요 ㅋㅋㅋ 간만에 시원한 극장에서 꿀영화 봤습니다 ㅋㅋ 신고"
"738","보스 베이비 2별점 - 총 10점 중10재밌당이런분위기 영호ㅓ 오랜만 신고"
"739","보스 베이비 2별점 - 총 10점 중9오랜만에 아이들과 어른이 함께 볼 수 있는 영화 신고"
"740","보스 베이비 2별점 - 총 10점 중9드림웍스에 또 한번 빠지게 되는 영화 신고"
"741","보스 베이비 2별점 - 총 10점 중101편보다 영상미랑 내용적인면도 더 업그레이드ㅋㅋ 신고"
"742","보스 베이비 2별점 - 총 10점 중10재밌었네요.한번 더 보고싶어요^^ 신고"
"743","보스 베이비 2별점 - 총 10점 중8극장에서 보니까 훨씬 더 좋았어요!! 신고"
"744","보스 베이비 2별점 - 총 10점 중8간만에 엄마미소짓고봤다 신고"
"745","보스 베이비 2별점 - 총 10점 중10너무 재밌게봤어요. 유치하다고 말할 수도 있겠지만 저는 보면서 괜히 눈물이 찔끔 나왔던ㅠ 애덜아.. 사이좋게 지내야한다 신고"
"746","보스 베이비 2별점 - 총 10점 중10개봉 첫 날 본 보람 있었어요 인생 영화♡ 신고"
"747","보스 베이비 2별점 - 총 10점 중9스토리를 정말 잘 만드는 드림웍스!! 신고"
"748","보스 베이비 2별점 - 총 10점 중10추천합니다 가족들이랑 보세요어린시절은 한번뿐이라 아이들에게 잘해주세요…나중에 후회하지 않도록 신고"
"749","보스 베이비 2별점 - 총 10점 중10돈이아깝지않아여ㅠㅠㅠ 신고"
"750","보스 베이비 2별점 - 총 10점 중10'보스 베이비가 돌아왔어요... 근데 이제 팀워크를 좀 곁들인...'1편도 재미있게 봐서 2편도 기대를 품고 봤는데 역시 ㅋㅋ개봉전 성우들 연기 영상보고 웃참했는데 영화관가서 시원하게 빵터지고 왔어요.1편을 보셨던 팬분들을 위한 테드의 복귀,그리고 2편으로 보스 베이비를 처음 접하시는 분들을 위한 테드+티나의 귀여운 팀워크베이비 혁명 제대로 즐긴 시간이었어요! 신고"
"751","보스 베이비 2별점 - 총 10점 중10역시 굿 아이가 너무 잘 봤네요. 신고"
"752","보스 베이비 2별점 - 총 10점 중10최고최고 특히 귀여움이 미쳣당 ㅋㅋ 신고"
"753","보스 베이비 2별점 - 총 10점 중10후속이 좋은 몇 안되는 사례가 될 것 신고"
"754","보스 베이비 2별점 - 총 10점 중10온가족이 봤는데 정말 즐거웠어요 ^^ 신고"
"755","보스 베이비 2별점 - 총 10점 중10대박이네여.. 진짜..미쳐따리.. 신고"
"756","보스 베이비 2별점 - 총 10점 중10귀요미 보스! 이건 꼭 봐야 합니다아 신고"
"757","보스 베이비 2별점 - 총 10점 중10재미와 감동을 다 잡은건 반칙아님?! 신고"
"758","보스 베이비 2별점 - 총 10점 중10전작보다 조금더 성숙해진 내용과 분위기., 너무 좋다 이 영화 신고"
"759","보스 베이비 2별점 - 총 10점 중10정말 재미있었어요 ㅎㅎ 또 한번 극장에서 보려고 갑니다 신고"
"760","보스 베이비 2별점 - 총 10점 중10캐릭터도 좋고 웃음포인트가 있어서 재미있었어오 신고"
"761","보스 베이비 2별점 - 총 10점 중10지금까지 보스베이비2를 기다려온 사람으로서 1편에 비해 처음엔 조금 지루한 감이 있었으나 재밌게 봤습니다 스토리는 기발하면서도 예측불가능하다는 표현이 맞겠네요! 아기들이 너무 귀욥ㅎㅎ 감동도 있고 노래 가사로 위로가 되었습니다~ 보스베이비 너무 좋아용~! 신고"
"762","보스 베이비 2별점 - 총 10점 중10아이들과 보기 굿굿 내용도 아이들한테 맞춘내용 굿굿 신고"
"763","보스 베이비 2별점 - 총 10점 중10베이비 보스는 언제나 귀엽고 재밌고 ♥ 1편 보다 재밌는 2편이라니 만수무강하세요 보스님 신고"
"764","보스 베이비 2별점 - 총 10점 중10재밌었어요 더빙으로 한번 더 보고싶네요ㅋㅋ 신고"
"765","보스 베이비 2별점 - 총 10점 중101편을 조카들이랑보고.. 개인적으로 뜻밖의 기대작이였는데 시즌2가 나와서 재밌게봤습니다 ㅎㅎ 신고"
"766","보스 베이비 2별점 - 총 10점 중10너무 재미있었어요~~^^1탄보다 보는 재미는 더 많음~~ 신고"
"767","보스 베이비 2별점 - 총 10점 중10귀여움에 힐링 얻었음..ㅠㅠ♡ 신고"
"768","보스 베이비 2별점 - 총 10점 중10더 귀여워진 후속작이라니... 좋아요 신고"
"769","보스 베이비 2별점 - 총 10점 중10보는내내 입가에 미소가 떠나질 않네요 신고"
"770","보스 베이비 2별점 - 총 10점 중10귀엽구 사랑스러워요!! 신고"
"771","보스 베이비 2별점 - 총 10점 중10엄청 오랜만에 웃고 즐긴 영화ㅋㅋㅋ 신고"
"772","보스 베이비 2별점 - 총 10점 중10아이들이 무척 좋아했어요 어른인 제가 봐도 잼났어요 ㅋㅋ 신고"
"773","보스 베이비 2별점 - 총 10점 중10영화가 진짜 개존잼이었어용 신고"
"774","보스 베이비 2별점 - 총 10점 중10유쾌하게 봤어요!마냥 어린이 영화일까 걱정했는데 정말 재밌게 잘봤네요. 신고"
"775","보스 베이비 2별점 - 총 10점 중10보스베이비2, 놀랍도록 귀엽다! 신고"
"776","보스 베이비 2별점 - 총 10점 중10예측불가한 스토리. 기발함 그리고 감동까지 굿 신고"
"777","보스 베이비 2별점 - 총 10점 중101도 귀엽고 재밌었는데 2는 더 재밌네 보는 내내 귀여워서 내적 소리 지름ㅋㅋ 영화관이 어둡고 마스크를 쓰고 있어서 다행히 아무도 내 광대 터질뻔한 웃음은 못 봤겠지ㅋ 동생이랑 또 보러가고 싶다 신고"
"778","보스 베이비 2별점 - 총 10점 중10굳굳 너무 재밌어서 또 보고싶습니다! 감동적인 스토리 까지 있어서 아이들과 보기 딱이네요! 영상미도 넘 좋아요 신고"
"779","보스 베이비 2별점 - 총 10점 중10현실에서 이런저런 일들 겪다보니 순수한 게 그리워서 이런 귀여운 걸 자꾸 찾게됩니다 ㅋㅋㅋㅋ 마음이 몽글몽글해져요ㅠ 신고"
"780","보스 베이비 2별점 - 총 10점 중10역시 귀여운 건 늘 최고야!!!! 신고"
"781","보스 베이비 2별점 - 총 10점 중8가족영화로 보기좋은데요 신고"
"782","보스 베이비 2별점 - 총 10점 중10역시 드림웍스. 1보다 더 귀여워졌다ㅋㅋㅋ 신고"
"783","보스 베이비 2별점 - 총 10점 중10여름방학에 아이들이랑 보러가면 좋아요 신고"
"784","보스 베이비 2별점 - 총 10점 중10베이비들 넘귀엽구 영화도 좋았어요! 추천합니다 신고"
"785","보스 베이비 2별점 - 총 10점 중10가족영화로 강추합니다 신고"
"786","보스 베이비 2별점 - 총 10점 중9아이와 함께 재밌게 잘 봤어요~ 신고"
"787","보스 베이비 2별점 - 총 10점 중10좋아요~~^^ 역시 드림웍스 신고"
"788","보스 베이비 2별점 - 총 10점 중10역대급 꿀잼!! 베이비들 너무 귀여워요 영화 퀄이 너무 좋아서 깜짝 놀랐습니다 신고"
"789","보스 베이비 2별점 - 총 10점 중10생각보다 너무 재밌었습니다. 기대 이상! 개인적으로 1편만큼 재밌었네요~! 신고"
"790","보스 베이비 2별점 - 총 10점 중10오랜만에 드림웍스 다운 영화보니 색다르네요 신고"
"791","보스 베이비 2별점 - 총 10점 중10다시보고싶은영화~♥ 신고"
"792","보스 베이비 2별점 - 총 10점 중10귀여운데다가 재미도 있고 여운이 남는 감동까지 있을 줄은 몰랐네요! 재미있었어요~ 신고"
"793","보스 베이비 2별점 - 총 10점 중10방학용 아이들과 딱 좋았음~~ 신고"
"794","보스 베이비 2별점 - 총 10점 중10이제까지 본 애니메이션중에서 제일 귀여웡 ㅋㅋ 신고"
"795","보스 베이비 2별점 - 총 10점 중10이게 진정한 여름 영화지~~ 귀여워서 쓰러질 뻔 ㅋ 신고"
"796","보스 베이비 2별점 - 총 10점 중10기대이상으로 멋진작품입니다 신고"
"797","보스 베이비 2별점 - 총 10점 중10볼거리도 있고 지루하지 않고 재밌었어요 신고"
"798","보스 베이비 2별점 - 총 10점 중10오랜만에 몰입하게 한 애니메이션 신고"
"799","보스 베이비 2별점 - 총 10점 중10생각보다 잼있었고, 감동도 있고~ 1편은 그냥 보베 자체라면 2편은 좀 스토리도 있어서 잼있음 요즘 볼거 너무 없었는데...보베 짱 귀염 신고"
"800","보스 베이비 2별점 - 총 10점 중10애니메이션이 이렇게 재밋을줄이야ㅋ1편도보고싶어짐ㅋㅋ 신고"
"801","보스 베이비 2별점 - 총 10점 중9귀여움에 몸서리치게하는영화 ㅎㅎ 신고"
"802","보스 베이비 2별점 - 총 10점 중10아 진짜 1편보다 배는 귀여움~~ ㅋㅋ 신고"
"803","보스 베이비 2별점 - 총 10점 중10믿고보는 보스베이비! 아이들과 꼭 보세요 신고"
"804","보스 베이비 2별점 - 총 10점 중10시작부터 남다른 애기들 ㅋㅋㅋ 이렇게 어른들 마음에 심쿵사 일으켜도 되는건가요! 짱짱 귀여워 ㅜㅜ 신고"
"805","보스 베이비 2별점 - 총 10점 중9너무 귀엽고 ~ 재미도 있구요~ 신고"
"806","보스 베이비 2별점 - 총 10점 중10방금 보고 왔는데 한번 더 보고싶다 ㅠㅠ 신고"
"807","보스 베이비 2별점 - 총 10점 중10간만에 보는 재미있는 애니메이션 신고"
"808","보스 베이비 2별점 - 총 10점 중10인기 많은 이유가 있었네ㅋㅋ 신고"
"809","보스 베이비 2별점 - 총 10점 중10어른이 봐도 정말 짱이였어요ㅎ 신고"
"810","보스 베이비 2별점 - 총 10점 중10졸귀탱 외모에 그렇지 못한 행동 ㅋㅋㅋ 진짜 초깜찍해서 영화관에서 소리 지르고 싶었음!!! 다들 넘 귀여워!!! 신고"
"811","보스 베이비 2별점 - 총 10점 중10아이든 어른이든 좋아하게 될 애니메이션 신고"
"812","보스 베이비 2별점 - 총 10점 중10역시 최고야ㅠㅠ 미쳤어 보스베이비 신고"
"813","보스 베이비 2별점 - 총 10점 중10귀여운 캐릭터들로 시간 가는줄 모르고 보게 된당 신고"
"814","보스 베이비 2별점 - 총 10점 중10영화 보는내내 너무귀여워 ㅋㅋ 신고"
"815","보스 베이비 2별점 - 총 10점 중10아기일때 가장 귀여운 팀고 ㅏ테드 ㅋㅋㅋ어른되지마! 신고"
"816","보스 베이비 2별점 - 총 10점 중10굉장히 재미있었으니까 만점!!! 신고"
"817","보스 베이비 2별점 - 총 10점 중61을 수백번 돌려봤던 광팬으로서 보스베이비 특유의 귀여움 포인트가 매우적음ㅠ 신고"
"818","보스 베이비 2별점 - 총 10점 중10캐릭터 정말 귀엽구 캐릭터들 하나하나가 어찌나 리얼한지ㅋㅋ 2편도 재밌네 신고"
"819","보스 베이비 2별점 - 총 10점 중9시간 가는 줄 모르고 봤다~ 재미있었다~ 신고"
"820","보스 베이비 2별점 - 총 10점 중101편보더 비주얼이 더 좋아진듯?! 오랜만에 즐겁게 영화 봤습니다ㅎㅎ 신고"
"821","보스 베이비 2별점 - 총 10점 중10속편이라 기대안하고 봤는데 재밌었음 신고"
"822","보스 베이비 2별점 - 총 10점 중9재미있다!! 귀엽구.. 크ㅎㅎ 신고"
"823","보스 베이비 2별점 - 총 10점 중10너무 재밌게봤어요~~^^ 신고"
"824","보스 베이비 2별점 - 총 10점 중9어린이와 어른도 재미있게 볼수있는 애니 신고"
"825","보스 베이비 2별점 - 총 10점 중10말이 필요없는 영화입니당 꼭 보세용 신고"
"826","보스 베이비 2별점 - 총 10점 중101편보다 훨씬 재밌고 좋은 내용이었던 영화 신고"
"827","보스 베이비 2별점 - 총 10점 중10보스베이비 2 보는 내내 광대 폭발... 그동안 사라진 웃음을 한번에 찾아왔습니당ㅠㅠ 귀여운거 필요하신 분들... 보스베이비2 보세여ㅠㅠ 진짜 베이비들 데려오고싶당ㅠㅠ 신고"
"828","보스 베이비 2별점 - 총 10점 중9시간가는 줄 모르고 재밌게 잘 봤네요 신고"
"829","보스 베이비 2별점 - 총 10점 중101편 집에서 그냥 보다가 넘 재밌어서 2편은 영화관 갔는데 역시 귀엽고 재밌고 다 함 신고"
"830","보스 베이비 2별점 - 총 10점 중10역시 보스베이비... 두번보고싶어 신고"
"831","보스 베이비 2별점 - 총 10점 중10시간가는줄 모를 정도로 재미있었다 개봉일날 조조로 보길 잘한듯ㅋ 신고"
"832","보스 베이비 2별점 - 총 10점 중10귀여움 작살 그리고 재미있음, 몰입도 최고네요^^ 신고"
"833","보스 베이비 2별점 - 총 10점 중8처음엔 좀 지루했지만, 역시나 재미있었어요 신고"
"834","보스 베이비 2별점 - 총 10점 중10귀여운 캐릭터들과 가족에대한이야기라 아이들이랑 보기에도 좋아요 신고"
"835","보스 베이비 2별점 - 총 10점 중10어른 아이 모두 재밌게 볼 수 있는 애니메이션 신고"
"836","보스 베이비 2별점 - 총 10점 중10내가 본 최고의 에니메이션! 신고"
"837","보스 베이비 2별점 - 총 10점 중10지루할틈없이 너무 즐겁게 봤네요~ 아이들이 무척이나 좋아합니다~ 신고"
"838","보스 베이비 2별점 - 총 10점 중10간만에 동심의 세계로 빠져들었네요 ㅋㅋ 신고"
"839","보스 베이비 2별점 - 총 10점 중10귀요미 보스베이비들덕분에 눈과귀가 즐거움 ㅎㅎ 신고"
"840","보스 베이비 2별점 - 총 10점 중10애들이랑 보러 갔다가 제가 더 빠졌어요 ㅠㅠ 너무 귀엽고 감동적이네요 신고"
"841","보스 베이비 2별점 - 총 10점 중10개재밌음~~ 강추합니다~^^ 신고"
"842","보스 베이비 2별점 - 총 10점 중9치명적인 귀여움이네요 ㅋㅋㅋ 신고"
"843","보스 베이비 2별점 - 총 10점 중10사랑스러워서 쥬금.... 저진짜 베이비 주식회사 자리 하나만여ㅠㅠㅠㅠ열일할게여 신고"
"844","보스 베이비 2별점 - 총 10점 중10세상에서 제일귀여워.. 신고"
"845","보스 베이비 2별점 - 총 10점 중10이런 회사 다니고 싶다 진짜 너무 귀여워!! 3편도 나왔음 좋겠음 신고"
"846","보스 베이비 2별점 - 총 10점 중10눈도 즐겁지만 무엇보다 너무귀여워서 심장 두근거려요 ㅋㅋ 신고"
"847","보스 베이비 2별점 - 총 10점 중10애니 안좋아하는데 이건 정말 재미있네요 ㅋ 신고"
"848","보스 베이비 2별점 - 총 10점 중10어른들도 보기 좋은 에니메이션 신고"
"849","보스 베이비 2별점 - 총 10점 중9아이들도 어른도 모두 유쾌하게 볼 수 있어요 신고"
"850","보스 베이비 2별점 - 총 10점 중10아이 방학하고 첫 조조로 보고 왔어요 아이가 너무 좋아하네요 어른도 함께 웃을 수 있는 영화에요 아이들과 함께 관람강추 단 정신은 없음 신고"
"851","보스 베이비 2별점 - 총 10점 중10왜 우리엄마는 동생 안낳아줬지..(난 외동) 저렇게 심장 무리오게 귀여운 동생 가지고싶다ㅠ 신고"
"852","보스 베이비 2별점 - 총 10점 중10진차 귀여워 죽겠네ㅋㅋㅋ 신박한데 대사도 재밌고 너무 귀여워요 즐겁게 관람했습니다 신고"
"853","보스 베이비 2별점 - 총 10점 중10이런 애니메이션은 언제나 환영이다ㅋㅋㅋ 신고"
"854","보스 베이비 2별점 - 총 10점 중10힐링 가득 귀여운 애니메이션>< 신고"
"855","보스 베이비 2별점 - 총 10점 중101편 보고 2편도 믿고 봤습니다 ㅎㅎㅎㅎ 캐릭터 너무 귀여워서 현기증 나네요.. 영화는 물론 너무 즐거웠고요... 추천합니다! 신고"
"856","보스 베이비 2별점 - 총 10점 중10간만에 애니메이션 보고 힐링 제대로 했다 신고"
"857","보스 베이비 2별점 - 총 10점 중10넘 귀여워서 우주뿌시구 싶당!!!ㅠㅠ 신고"
"858","보스 베이비 2별점 - 총 10점 중10가족들과 다같이 보기 좋은 영화! 신고"
"859","보스 베이비 2별점 - 총 10점 중101편보다 재밌음 오스트도 좋고ㅎ 신고"
"860","보스 베이비 2별점 - 총 10점 중10가족은 영원하다 신고"
"861","보스 베이비 2별점 - 총 10점 중10엄마 왜 난 보스같은 동생 없어?ㅠㅠ 졸귀자나 진짜 신고"
"862","보스 베이비 2별점 - 총 10점 중10전작만큼 귀엽고 재밌고 감동적이야!! 신고"
"863","보스 베이비 2별점 - 총 10점 중10여전히 귀엽고 사랑스러운 영화 신고"
"864","보스 베이비 2별점 - 총 10점 중10재밌게 봤습니다 공감되는 부분도 있구 쉴 틈 없이 빠져 들었어요 신고"
"865","보스 베이비 2별점 - 총 10점 중10어른인 제가 봐도 재미있네요ㅋㅋㅋ 강추강추! 신고"
"866","보스 베이비 2별점 - 총 10점 중101편도 너무 재밌게 봤는데 2편도 역시 너무 재밌네요!!가족들 다같이 보는 거 완전 추천입니다. 어린이든 어른이든 모두가 즐길 수 있는 영화입니다~ 신고"
"867","보스 베이비 2별점 - 총 10점 중10아이랑 보러갔다가 제가 울고 웃고 나왔네요. 너무 재미있어요!!! 신고"
"868","보스 베이비 2별점 - 총 10점 중10역시 가족과 함께 보기에 최고입니다~ 중복날 무더위를 싹 날려주네요!!! 신고"
"869","보스 베이비 2별점 - 총 10점 중101도 재밌게봤었는데 노래도 좋고 넘 귀여워서 시간가는줄모름ㅠㅠ벌써 2라니 3도나왔으면 좋겠당 신고"
"870","보스 베이비 2별점 - 총 10점 중10개봉하자마자 보길 잘했네ㅋㅋㅋ 신고"
"871","보스 베이비 2별점 - 총 10점 중10보스베이비1편부터 너무 재밌게 봐서 기대 만땅이었는데 그 기대를 뛰어 넘는 재미였음ㅋㅋ특히 베이비들 너무 귀여운 거 아닌지ㅜㅜㅜ 신고"
"872","보스 베이비 2별점 - 총 10점 중10큰 기대 없이 봤는데 애들보다 엄마인 내가 더 몰입함 신고"
"873","보스 베이비 2별점 - 총 10점 중10아빠 사랑해요 제가 잘할게요 신고"
"874","보스 베이비 2별점 - 총 10점 중10여름에 시원하게 극장에서 보기 좋았어요 시종일관 베이비들 넘 귀엽네요 신고"
"875","보스 베이비 2별점 - 총 10점 중10여자친구랑 랑종 보고 기분 망했다가 보베2 보고 회복! 신고"
"876","보스 베이비 2별점 - 총 10점 중10보스들이 너무 귀여워요ㅜㅜ 신고"
"877","보스 베이비 2별점 - 총 10점 중10역시 보스베이비!! 어른이지만 넘 재밌게 봤어요~ 폭염에 지쳤을 때 기분전환~!!ㅋㅋ 신고"
"878","보스 베이비 2별점 - 총 10점 중10너무 귀여워ㅠㅠㅠ보스들 빵뎅이 보러 극장 가야합니다!!비쥬얼도 비쥬얼이지만 스토리도 1편처럼 재미있는 감동이 있어요! 신고"
"879","보스 베이비 2별점 - 총 10점 중10너무 재밌었어요. 지루하지 않고 너무 귀여워서 집중해서 봤어요~ 신고"
"880","보스 베이비 2별점 - 총 10점 중10딸과 너무 재밌게 봤어요^^ 신고"
"881","보스 베이비 2별점 - 총 10점 중10베이비들 너무 귀엽고 재밌어여! 신고"
"882","보스 베이비 2별점 - 총 10점 중10유쾌발랄 넘나 꿀잼!! 1편 안봤어도 보는거 추천! 신고"
"883","보스 베이비 2별점 - 총 10점 중10조카가 넷플릭스에서 보스베이비 보던 거 옆에서 따라보다가 감동 받아 2편까지 보게 되었습니다! 귀염귀염한게 너무 사랑스럽네요! 신고"
"884","보스 베이비 2별점 - 총 10점 중10진짜 너무 재밌고 웃깁니다ㅜ 전편 애기들도 까메오식으로 나오니 찾는 재미가 있을 거예요!! 신고"
"885","보스 베이비 2별점 - 총 10점 중9신고"
"886","보스 베이비 2별점 - 총 10점 중10아기들이 나오는 영화는 늘 사랑스럽네요! 손녀가 보고싶네요, 연락이라도 해봐야겠어요~^^ 신고"
"887","보스 베이비 2별점 - 총 10점 중101편이 너무 재밌어서 기대 많이 하고 봤는데 기대 이상!! 아가들이 너무 귀여워서 힐링하고 나왔습니다~ ㅠㅠ 역시 믿고 보는 드림웍스!! 신고"
"888","보스 베이비 2별점 - 총 10점 중10캐릭터가 참귀엽고 애기랑 어른 모두 재미있게 볼 수 있어서 좋았습니다. 정말 가족이 즐기기 좋은 영화네요 ㅎㅎ 신고"
"889","보스 베이비 2별점 - 총 10점 중10캐릭터가 참 귀엽네요, 즐거운 시간 보냈습니다. 감사합니다. 신고"
"890","보스 베이비 2별점 - 총 10점 중10완전 재미있는~~~ 어른도 아주 재밌게 봤습니다! 신고"
"891","보스 베이비 2별점 - 총 10점 중10신나는 애니메이션이었습니다. 신고"
"892","보스 베이비 2별점 - 총 10점 중10템플턴 형제가 돌아왔다!!! ㅋㅋ 세상에나 역시 이번에도 귀엽고 웃기고 둘이 다해~~ 신고"
"893","보스 베이비 2별점 - 총 10점 중10너무 재밌음 애니 조음ㅠ 신고"
"894","보스 베이비 2별점 - 총 10점 중9오랜만에 영화를 보았는데가족과 형제자매를 돌아보게 해주는 영화재미와 연출이 아주 좋아요.돌아가고싶다… 신고"
"895","보스 베이비 2별점 - 총 10점 중10귀여워라~ 아이들도 너무 좋아했어요~~ 신고"
"896","보스 베이비 2별점 - 총 10점 중10보스 베이비.. 넘넘 귀여워요 신고"
"897","보스 베이비 2별점 - 총 10점 중10귀여워요!! 귀여운 애들이 웃기기까지 함 신고"
"898","보스 베이비 2별점 - 총 10점 중10가볍게 보러갔다가 감동까지 느끼고 옵니다올해 봤던 애니메이션 중에 제일 재밌게 봤네요 신고"
"899","보스 베이비 2별점 - 총 10점 중10너무 웃겼습니다 어른들도 잼나게 볼 수 있는 영화입니다 신고"
"900","보스 베이비 2별점 - 총 10점 중10ㅋㅋㅋㅋ오랜만에 웃으면서 본 영홬ㅋㅋ더운데 영화관에서 즐거운 시간 보내고 온 것 같습니당 신고"
"901","보스 베이비 2별점 - 총 10점 중10영상미 좋고 캐릭터가 너무 귀여움ㅠㅠㅠ 3도 나오려나 신고"
"902","보스 베이비 2별점 - 총 10점 중10생각보다 더 재밋고 웃겼어요ㅋㅋ 신고"
"903","보스 베이비 2별점 - 총 10점 중10귀엽고 재미있는 애니메이션. 신고"
"904","보스 베이비 2별점 - 총 10점 중10세상 이렇게 귀여울 순 없네요ㅠㅠㅠ 신고"
"905","보스 베이비 2별점 - 총 10점 중10기대했던 것보다 너무 재밌어서 소름 조카들이랑 같이 또 볼 수 있었으면 좋겠네요!! 신고"
"906","보스 베이비 2별점 - 총 10점 중10드림웍스 최고 귀요미ㅎㅅㅎ 첨부터 끝까지 넘 귀엽고 유쾌함ㅎㅎㅎㅎ 신고"
"907","보스 베이비 2별점 - 총 10점 중4영화는 초반이 중요하다 생각하는데. 솔직히보는내내 지루 했습니다..초4아이도 기대를 했는지. 기대이하라고 하네요 신고"
"908","보스 베이비 2별점 - 총 10점 중10너무 재미있었어요 역시 보스베이비 !! 신고"
"909","보스 베이비 2별점 - 총 10점 중1정말 재미 없다 차라리 성냥팔이 소녀의 재림을 2번 보겠다 신고"
"910","보스 베이비 2별점 - 총 10점 중10지루한부분이 없고 쓰릴 넘치면서도 웃긴부분도 있고 감동깊어서 너무 재밌게 봤습니다꼭 보세요!!! 신고"
"911","보스 베이비 2별점 - 총 10점 중10아이들이 참 좋아해요ㅎㅎ 신고"
"912","보스 베이비 2별점 - 총 10점 중10스토리의 창의력이 돋보이고 아주 재밌었어요 신고"
"913","보스 베이비 2별점 - 총 10점 중10즐거웠던 시간. 또 봐야지. 신고"
"914","보스 베이비 2별점 - 총 10점 중10귀여운 아가보스가 두명이나 나오는데 비주얼적으로 안볼수가 없지요!!^^ 1편도 재미있게 봤었는데, 2편은 더더 경쾌하고 액션 넘쳐서 즐겁게 볼수 있었어요. 이 사랑스러운 영화 추천합니다!! 신고"
"915","보스 베이비 2별점 - 총 10점 중10보스 베이비 1편을 보면서 육아에 대한 공감을 하고 너무도 재미있게 봤던터라 기대를 잔뜩했습니다. 그 기대 틀리지 않았네요!! 1편보다 더 화려해진 액션과 풍부한 OST는 선택 불가입니다, 완전 추천드려요 :) 신고"
"916","보스 베이비 2별점 - 총 10점 중10너무 재밌고, 신났음 신고"
"917","보스 베이비 2별점 - 총 10점 중10귀엽고 사랑스럽고 재밌고 감동까지 다한다! 이제 진짜 내 보스 보러 가야지.. ㅠㅠㅠ 신고"
"918","보스 베이비 2별점 - 총 10점 중10귀엽구 재밌고 멋지구 걍 다해ㅋㅋㅋㅋ 신고"
"919","보스 베이비 2별점 - 총 10점 중10애기들 너무 귀여워요 진짜로 ㅠㅠ 가족의 소중함을 다시 한 번 느끼게 되는 영화에요 신고"
"920","보스 베이비 2별점 - 총 10점 중101편을 너무 재밌게 봐서 이번 편도 엄청 기대하고 개봉하자마자 봤는데 보람이 있네요! 신고"
"921","보스 베이비 2별점 - 총 10점 중10이런게 바로 힐링영화쥬ㅎ 신고"
"922","보스 베이비 2별점 - 총 10점 중10귀여운 캐릭터와 스토리가 계속 웃음을 짓게 했다. 신고"
"923","보스 베이비 2별점 - 총 10점 중10귀여움으로 힐링된다 우리 가족도 생각해보게 되고, 유쾌하고 기분 좋아지는 영화임!! 신고"
"924","보스 베이비 2별점 - 총 10점 중10어른인 저도 재미있게 봤어요~^^ 신고"
"925","보스 베이비 2별점 - 총 10점 중10진짜 시종일관 졸귀 미쳐버리겠다! 스토리도 너무 재밌고 찡하기까지 하네요~ 1편도 진짜 재밌었는데 더 재밌음. 역시 보스베이비! 신고"
"926","보스 베이비 2별점 - 총 10점 중10깔깔깔 웃으면서 재미있게 봤어요ㅋㅋㅋ 신고"
"927","보스 베이비 2별점 - 총 10점 중10아 너무 귀여워요~ 캐릭터들이 다들 매력적. 시원하게 잘 봤어요~ 신고"
"928","보스 베이비 2별점 - 총 10점 중101편도 재밌게 봤는데 2편은 더 졸잼에 더 귀여워졌네요ㅋ좋았습니다~ 신고"
"929","보스 베이비 2별점 - 총 10점 중10보스베이비1도 재밌게 봤는데 2도 역시 귀염뽀짝 힐링 영화ㅜㅜ 신고"
"930","보스 베이비 2별점 - 총 10점 중10캐릭터가 역시 매력적 ㅋㅋ 꽉 깨물고 싶었다 정신차려보니 영화끝났다 신고"
"931","보스 베이비 2별점 - 총 10점 중8신고"
"932","보스 베이비 2별점 - 총 10점 중10이쁜캐릭터들 재미와 감동입니다. 신고"
"933","보스 베이비 2별점 - 총 10점 중10너무 사랑스럽잖아!!ㅠㅠㅠ 진짜 1편도 다섯번정도 봤는데 앞으로 계속 나와줘라 신고"
"934","보스 베이비 2별점 - 총 10점 중101편 재밌게 봤으면 2푠도 꼭 보셈 ㅇㅇ 존꿀잼ㅋㅋㅋㅋ 보스베이비 볼수록 빠져드는 매력이 있음 신고"
"935","보스 베이비 2별점 - 총 10점 중10스토리도 흥미롭고 캐릭터는 귀엽고, 재미도 엄청나고 ! 신고"
"936","보스 베이비 2별점 - 총 10점 중10귀엽고 깜찍하니 재밌네ㅎㅎ 신고"
"937","보스 베이비 2별점 - 총 10점 중10힐링영화… 신고"
"938","보스 베이비 2별점 - 총 10점 중10너무너무 재밌게 본 영화입니다 신고"
"939","보스 베이비 2별점 - 총 10점 중10조카들이랑 영화 봤는데 정말 재밌게 봤어요~^^ 신고"
"940","보스 베이비 2별점 - 총 10점 중10어른들이 봐도 재미있음ㅋㅋㅋ 신고"
"941","보스 베이비 2별점 - 총 10점 중10템플턴 가족 크로스!!! 신고"
"942","보스 베이비 2별점 - 총 10점 중10재밌어요 너무 귀엽고 정말 아이들한테 적극추천해요 신고"
"943","보스 베이비 2별점 - 총 10점 중10귀여워서 심장 아픔ㅠㅠ 세상에 이런 보스라면 매일 출근하궤쒀!! 신고"
"944","보스 베이비 2별점 - 총 10점 중10정말 재미있었음 처음부터 끝까지 계속 웃으면서 봄 무조건 보세요 신고"
"945","보스 베이비 2별점 - 총 10점 중10 겁나 웃기고 귀엽고 다 합니다 ㅋㅋ 어른들 보기에도 재밌는 영화였네요 신고"
"946","보스 베이비 2별점 - 총 10점 중10베이비 넘모 귀엽고,, 사랑스러움 ㅠㅠ 심장에 무리 올뻔 >_< 신고"
"947","보스 베이비 2별점 - 총 10점 중10신고"
"948","보스 베이비 2별점 - 총 10점 중8보스베이비라는 주제가 1편만큼 신선하진 않지만 내용은 지루하지 않음. 볼만함 신고"
"949","보스 베이비 2별점 - 총 10점 중10개인적으로 1편보다 더 재밌었음 스토리도 부족함이 없고 보는내내 즐거워서 돈 아깝다는 생각은 안들었음 진짜 내가본 애니메이션중 가장 재밌게봤던 영화임 한번쯤보는건 추천 신고"
"950","보스 베이비 2별점 - 총 10점 중10귀여운 캐릭터로 기분까지 좋아지는 영화 신고"
"951","보스 베이비 2별점 - 총 10점 중10재밌네요 2편보다 훨씬 재밌어진듯너무 재밌었어요 신고"
"952","보스 베이비 2별점 - 총 10점 중10정말 너무 귀엽고 감동도 있구ㅜㅠㅠ 가족이나 친구들과 함께보면 좋은 영화인것 같아요ㅠㅠㅜㅜ 신고"
"953","보스 베이비 2별점 - 총 10점 중10진짜ㅠㅠ 극장에서 보자마자 힐링되는 모먼트ㅠㅠㅠ 너무 귀여워서 죽을뻔 신고"
"954","보스 베이비 2별점 - 총 10점 중10너무 귀여운 힐링영화였습니다♡ 신고"
"955","보스 베이비 2별점 - 총 10점 중10완전 푹 빠져서 본 영화ㅎㅎ 애니메이션 보는 것 같지 않게 너무 재밌게 봤어요 신고"
"956","보스 베이비 2별점 - 총 10점 중10역시 기대한만큼 실망도 없다!! 믿고 보는 우리 보스 :) 강수록 더 귀여워지는건 덤 ㅎㅎ 신고"
"957","보스 베이비 2별점 - 총 10점 중10애니메이션이 이 정도는 되야지 신고"
"958","보스 베이비 2별점 - 총 10점 중10간만에 유쾌하게 봤습니다. 신고"
"959","보스 베이비 2별점 - 총 10점 중10기발한 상상력!! 아이들과 재미있게 봤어요^^ 신고"
"960","보스 베이비 2별점 - 총 10점 중8재미라는 측면에선 보스!개연성이라는 측면에선 직원! 신고"
"961","보스 베이비 2별점 - 총 10점 중10너무 웃기구 너무 재밌어요 어른이가 보기에 딱 좋은 재미와 감동!! 힐링 또 힐링 받고 갑니다 신고"
"962","보스 베이비 2별점 - 총 10점 중10캐릭터들이 다들 귀엽고 내용도 재밌네요!!애도 어른도 다 같이 즐길 수 있을 것 같아요!!! 신고"
"963","보스 베이비 2별점 - 총 10점 중10귀엽고 웃긴데 왜 눈에서 땀이..? 오랜만에 영화관 가서 영화 보니까 진짜 너무 좋네 ㅠㅠ 신고"
"964","보스 베이비 2별점 - 총 10점 중10조조로 봤는데 기대 만큼 재미있었음!!! 신고"
"965","보스 베이비 2별점 - 총 10점 중9개인적으로는 1편이 더 재밌었지만 2편도 재밌었어요~! 신고"
"966","보스 베이비 2별점 - 총 10점 중10보스베이비 개봉소식에 바로 예약해서 후다닥 보고옴보스베이비 좋아하셨던 분들이라면 후회안할듯귀여우면서 코믹요소 다음 시리즈도 기대됨 ㅋㅋㅋㅋ 신고"
"967","보스 베이비 2별점 - 총 10점 중10오랜만에 많이 웃고 뭉클한 느낌이었어요극장 정말 한산하고 시원하더라구요 ㅎㅎ 신고"
"968","보스 베이비 2별점 - 총 10점 중10시워~언 한 영화관 가서 간만에 잔뜩 웃고왔습니다!!! 신고"
"969","보스 베이비 2별점 - 총 10점 중10보스베이비들 너무 귀여워요!! ㅠㅠ 1편만큼 재밌었어요b 신고"
"970","보스 베이비 2별점 - 총 10점 중10마블 영화들 보다가 이 영화보니까 힐링 되는 것 같다 신고"
"971","보스 베이비 2별점 - 총 10점 중10너무 귀여워서 암 걸렸는데 너무 웃겨서 암 났고 나왔습니다 신고"
"972","보스 베이비 2별점 - 총 10점 중10가족 경영이 이렇게 귀여워도 될일..? 형제들은 여전히 귀엽고 티나는 넘 카리스마 넘치고 ㅋㅋ 신고"
"973","보스 베이비 2별점 - 총 10점 중10베이비들 치명적인 귀여움이다...ㅠㅠ 꿀귀 어쩌면 조아..ㅠㅠ? 신고"
"974","보스 베이비 2별점 - 총 10점 중9테드 목소리는 언제나 인상적이네옄ㅋㅋ새로 등장한 티나도 매력적이구3편도 나올까 궁금합니당 신고"
"975","보스 베이비 2별점 - 총 10점 중10애니메이션 오랜만에 봤는데 이건 꼭 보시길 신고"
"976","보스 베이비 2별점 - 총 10점 중10이거 뭐야... 1편 보다 더 재밌잖앙... 신고"
"977","보스 베이비 2별점 - 총 10점 중10윽ㅠㅠ 귀여움에 심쿵... 베이비들 귀여워 지구뿌셔... 뿌셔뿌셔.... 신고"
"978","보스 베이비 2별점 - 총 10점 중10보스베이비 흐하히핳 새로운 인물 등장!!! 귀여워서 심장 몇번쿵했는지ㅋㅋㅋ시리즈 더 나왔으면 좋겠다진짜....!!! 귀엽고 재밌고 교훈까지 삼박자 쿵다딱! 코미디 애니메이션 중 진짜 최고인듯 애기들 너무 귀엽다ㅠㅠㅠ 꼭 챙겨보시길!!!! 신고"
"979","보스 베이비 2별점 - 총 10점 중101편보다 훨씬 귀여워진듯ㅋㅋㅋㅋ졸귀 신고"
"980","보스 베이비 2별점 - 총 10점 중10보스베이비 시리즈 좋아한다면 꼭 보세요! ㅋㅋㅋ 신고"
"981","보스 베이비 2별점 - 총 10점 중10코로나 때문에 오랜만에 영화보러 갔는데 진짜 재밌게 보고 나왔어요!! 별 고민 없이 가볍고 유쾌하게 볼 수 있는 영화입니다 보스베이비 두명 다 넘 귀엽고 아기 된 주인공들도 넘 귀엽네요 ㅠ ㅠ 신고"
"982","보스 베이비 2별점 - 총 10점 중101편보고 기대하고 있었는데 그이상이네!! 넘넘 귀엽고 웃긴다!! OST 도 넘신남!! 신고"
"983","보스 베이비 2별점 - 총 10점 중10역시 보베는 보베! 극장에서 시원하게 잘봤습니당 유쾌하고 귀엽고 다함ㅋㅋㅋㅋ 신고"
"984","보스 베이비 2별점 - 총 10점 중10진짜 영화 보는 내내 즐겁게 봤음 ㅋㅋㅋ기분 좋게 극장나갈 수 있는 영화!!! 신고"
"985","보스 베이비 2별점 - 총 10점 중101편은 안봤는데 생각보다 너무 재밌네요ㅋㅋ 신고"
"986","보스 베이비 2별점 - 총 10점 중10노래부를때 감동 빌런 반전 신고"
"987","보스 베이비 2별점 - 총 10점 중10오랫동안 못 본 조카에게 추천해주고 싶은 영화.어릴 때 재밌게 보았던 전작의 여운이 그대로 함께 전해진다. 신고"
"988","보스 베이비 2별점 - 총 10점 중10오늘 보러가는데 기대돼용>_< 귀요미들 신고"
"989","보스 베이비 2별점 - 총 10점 중10오늘보러가요 너무 기대됩니다 시리즈 다 챙겨봤는ㄷㅔ 항상 너무 사랑스러움?!!!! 신고"
"990","보스 베이비 2별점 - 총 10점 중10완전 재밌어요 완전 꿀잼 신고"
"991","보스 베이비 2별점 - 총 10점 중10보면 즐거워지는 영화! 강추! 신고"
"992","보스 베이비 2별점 - 총 10점 중10너무 귀엽고 재미있어서 영화관에서 보고 집에서 IPTV로 다시 봤는데! 역시나 2편도 너무 재미있네요. 또 보고 싶어요 !!! 신고"
"993","보스 베이비 2별점 - 총 10점 중10재미있어요~♡ 나중에 또보고 싶어요! 신고"
"994","보스 베이비 2별점 - 총 10점 중10겁나 귀엽고 웃김ㅋㅋㅋㅋ 혼자 기분전환할겸 봤는데 친구 데리고 한번 더 보고싶음 꿀잼... 베이비들 넘 귀엽~~~!! 신고"
"995","보스 베이비 2별점 - 총 10점 중10조카랑 같이 봤는데 조카 보여주러 갔다가 제가 더 재밌게 보고 오네요~가족 모두 즐기기 좋은 영화입니다!! 신고"
"996","보스 베이비 2별점 - 총 10점 중5신고"
"997","보스 베이비 2별점 - 총 10점 중10시크함과 귀여움이 공존! 더빙도 꼭 볼건데, 다들 꼭 보세요. 두번 보세요!! 신고"
