no,이름,학습방법,소규모대학,기독교대학,학습전략,기대효과
1,학생1,"코로나 19 상황으로 인해 진행된 비대면 수업을 들으면서 나는 ‘필기의 중요성’을 느낄 수 있었다. 감염병의 우려로 인해 상대적으로 안전한 개인 공간에서 듣는 수업은 심리적인 안정감을 제공하여 주었지만, 그것은 동시에 학습의 집중도를 떨어뜨리는 원인을 제공하기도 했다. 내 경우에는 군 휴학 후 첫번째 학기, 편입 후 첫번째 학기라는 이중고를 겪고 있는 상태에서 비대면 수업을 듣게 되었기에 학우들 간에 이뤄지는 강의 내용의 공유나 어려움을 겪는 부분을 보충해줄 토론의 기회를 얻을 수 없었다. 이러한 상황에서 내가 할 수 있는 방법은 수업 내용을 열심히 필기하는 것이었다. 내가 수강했던 강의 중 나에게 가장 어렵게 느껴졌던 경영통계학을 하나의 예로 들어보려고 한다. 학창시절 소위 수학포기자로 분류되었던 나는 수식에 대한 강한 거부감을 갖고 있었다. 더군다나 고등학교 이후로 거의 처음 수식을 접했기에 경영통계학의 내용은 나에게 공포 그 자체였다. 그 때문에 학기 초에 나는 한 시간 반 정도 되는 강의를 거의 두세시간을 할애해 들어야 겨우 이해할 수 있을 정도로 매우 힘들어 했다. 이 상황을 타개하고자 나는 교수님의 강의를 두세번 반복적으로 들으면서 수업자료에 있지 않은 내용을 정리해 파일로 만들었다. 덕분에 처음에는 어려웠던 내용들이 하나둘씩 머리속에서 정리되었고, 후에는 계산속도 또한 빨라져 실습을 통해 학습성취도를 확인하는 기말고사에서 좋은 성적을 거둘 수 있었다. 결과적으로는 복잡한 수식에 기죽어 있던 학기 초에 나의 모습을 뒤로하고 A+라는 만족스러운 결과를 받게 되었다. 앞으로 얼마나 더 비대면 수업이 진행될지는 모르겠지만 나는 그와 상관없이 필기와 정리를 바탕으로 하는 공부방법을 통해서 수학할 것이다. 비대면 수업이라는 열악한 상황 속에서 그것의 장점인 반복가능한 수강과 더불어 필기를 통한 노력의 자세를 유지한다면 얼마 남지 않은 학교생활을 만족스럽게 마무리할 수 있을 것이라는 생각이 든다.","내가 생각하는 KC 대학교의 가장 특징적인 장점은 학생들이 학교가 지원해주는 다양한 장학프로그
램을 규모가 큰 학교에 비해서 상대적으로 많이 누릴 수 있다는 것이다. 학기 초에 주어지는 SGP 장
학금이 그 예이다. 학기 중에 진행되는 다양한 비교과 프로그램을 통해서 SGP를 적립한 학생들은 그
것을 학기 초에 자신이 모은 만큼 현금으로 되돌려 받을 수 있다. SGP를 얻기 위해 진행되는 비교과 
프로그램 또한 학생들의 학업이나 졸업 후 취업에 있어서 큰 도움을 주는 것이기 때문에 학생들은 
장학금을 받으면서 커리어를 쌓을 수 있는 일석이조의 기회를 부여받게 된다.
 또, 소규모 인원으로 진행되는 강의를 통해서 학생들이 교수님께 좀 더 집중적인 관리를 받을 수 있
는 환경이 조성된다는 장점이 있다. 비대면 수업으로 인해서 교수와 학생의 소통의 기회가 적어질 수 
밖에 없는 상황인데 KC대학교는 소규모라는 규모적 장점을 통해 소통의 어려움이 어느정도 상쇄되는 
것 같다.
 마지막으로 교우간의 친근함이 존재한다. 규모가 작기 때문에 어느정도 기간이 지나면 교내의 대부
분의 사람이 눈에 익을 것이고, 익숙한 사람들과 하는 학교 생활은 마음을 편하게 만들어 학업에 더
욱 집중하게 도와줄 것이다. 실제로 학생들을 위해 봉사하는 총학생회의 구성원들만 봐도 흔히 전해
지는 어딘가 수상한 총학생회라는 사회적 인식과 다르게 매우 친절하고 열정적인 것을 느낄 수 있다. 
  굵은 붓으로 글씨를 쓰면 강한 인상을 줄 수 있지만 정교한 표현이 어려운 것처럼 대학의 크기가 
크고 작음에는 나름대로의 장단점이 있다. KC대학교는 현재 소규모 대학으로 분류되어 앞서 말한 정
교한 매력을 갖은 학교다. 물리적인 규모 보다는 학생을 위한 실속있는 시스템이 갖춰진 KC대학교는 
미래지향적이고 잠재가치가 큰 학교라는 생각이 든다.","KC대학교가 기독교 대학이기에 기독교인인 나는 좀 더 편안한 마음으로 학교를 다닐 수 있다. 물론 전교생이 기독교 신자는 아니지만 학교에서 기독교 인성을 갖춘 창의적인 인재를 추구하기에 KC대학교가 제시하는 학습방향에 대한 신뢰가 생기고 그것을 통해 보다 안정적인 학교 생활을 할 수 있을 것이라는 자신감이 생겼다.
일주일에 한번 듣는 채플도 바쁜 일상 속 마음의 안정을 찾는데 큰 도움을 준다. 의무적으로 출석하던 주말예배는 학업에서 오는 여러 걱정거리와 인간관계로 생기는 상처들을 해소하기에 부족한 감이 없지 않아 있는데, 수업과 수업 사이에 존재하는 채플은 내 학업의 페이스를 잡아주고 마음의 평안을 주는데 큰 도움이 되는 것 같다.
의무적으로 수강해야 하는 기독교 관련 과목들 또한 기독교 대학교로서 학업에 도움을 주는 요소라고 할 수 있다. 기독교에 대한 학문적인 개념을 확립하고 전공 수업을 듣게 되니 단지 취업을 위한 수강이 아닌 내가 진정으로 추구해야 하는 진리에 가까워지기 위한 하나의 단계라는 생각을 할 수 있었다. 이를 통해 매너리즘에 빠진 학교 생활이 아닌 능동적인 학교 생활을 할 수 있게 된 것 같다는 생각이 든다.","학습하는데 가장 중요한 것은 목표 설정이다. 나는 지난학기에 나의 목표를 장학금 대상으로 설정했다. 나는 교내장학금 대상자이기에 장학금에 대한 요구성적은 평점 2.0으로 어렵지 않은 점수였고, 첫 학기였기에 큰 목표보다는 작은 목표부터 설정하자는 가벼운 마음으로 학기를 시작하게 되었다. 하지만 목표를 갖고 학업에 집중하다 보니 더욱 높은 점수에 욕심이 생겼고, 결과적으로는 내가 받아본 점수 중 가장 좋은 점수인 평점 4.32를 얻을 수 있었다. 이처럼 목표 설정은 학습에 대한 동기에 큰 영향을 끼친다. 작더라도 뚜렷한 목표가 있고 그 목표를 달성하게 된다면, 다음에는 그보다 더 큰 목표를 달성하는데 큰 도움이 될 것이라고 생각한다.
 목표가 설정된 상태에서 충분한 학습시간을 투자하지 않고 목표에 대해 노력을 기울이지 않는다면 아무런 의미가 없을 것이다. 나는 내 목표를 달성하기 위해 많은 시간을 필기하는데 사용했다. 처음에는 익숙해지지 않은 공부시간에 힘들기도 하고 집중도 잘 되지 않았지만, 꾸준히 학습시간을 늘리다 보니 오히려 나의 부족한 점을 알게 되었고, 그 부족한 점을 채우기 위해 또 시간을 늘리는 선순환이 계속됐던 것 같다. 또, 학습시간이 쌓이다 보니 학습방법에 대한 노하우가 생겨서 시험을 대비하는데 큰 도움이 되었다. 처음에는 교수님이 하시는 말씀을 그저 받아 적기만 했었는데, 후에는 시험에 나올 것 같은 내용을 정리했고, 특정과목은 수식을 정리하면서 시험을 대비하는 등 능동적인 학습을 할 수 있었다.
 마지막으로 학습을 마무리하는 과정에서 학습 내용에 대한 성찰을 하는 과정도 반드시 필요하다. 나 또한 나의 지난 학기 학습내용에 대해 많은 문제점을 찾아낼 수 있었다. 먼저 학기 초에 수업에 집중하지 못해 학습의 페이스를 잡는데 어느 정도 시간이 소모됐던 것을 확인했다. 또, 비대면으로 진행되는 수업이다 보니 수업을 들으면서 다른 과제를 같이하는 등의 실수를 범하기도 했다. 이처럼 성찰의 과정을 통하면 나의 학습목표의 성패와 상관없이 더욱 더 개선된 다음 목표를 설정할 수 있다. 그렇기 때문에 반드시 필요한 과정이라고 생각한다."," 내가 활용했던 ‘필기하는 학습법’은 누구나 할 수 있고 많은 사람들이 하는 방법일 것이다. 어떻게 
보면 수업시간에 하는 필기는 필수적인 학습의 일부이기에 필기 뿐 아니라 그 필기를 다시 정리하는 
것이 더욱 더 중요하다고 할 수 있다. 많은 교수님들께서 코로나로 인해 진행되는 비대면 수업의 한
계를 아시고 그에 따른 일종의 보상으로 오픈북 시험을 진행하시는 경우가 많다. 나는 그 점을 파악
하고 방대한 양의 수업자료 파일에 직접 필기를 하는 식으로 공부하는 방법을 사용했다. 

 수업자료를 PDF 파일로 정리해 공부하는데 활용한다면 단순히 필기하면서 공부하는 것 뿐만이 아니
라 오픈북 시험을 볼 때 파일 내 검색기능을 활용해 내가 정리한 내용을 더욱 쉽게 확인할 수 있다. 
또, 방대한 양의 A4 용지를 절약함으로 경제적인 이득을 보고 환경까지 생각할 수 있으니 일석이조라
고 할 수 있을 것이다."
2,학생2,"저는 공부하는 순간마다 ‘나 자신을 객관화 하는 것’ 즉 나의 수준을 최대한 객관적으로 파악하는 것을 가장 중요하게 생각했습니다. 스스로가 무엇을 얼마만큼 정확하게 알고 있는지, 또 내가 어떤 부분을 정확하게 모르는 것인지‘를 파악하는 것이 지식을 습득하는 과정에 있어 가장 첫 번째 단계라고 생각했기 때문입니다. 그래서 모르는 부분을 보완하고 아는 부분을 더 정확하게 알기 위해 강의를 들은 뒤 생각나는 내용들을 간단하게 백지노트에 적었습니다. 처음 백지노트를 적었을 때 생각나지 않았던 부분들은 다른 색깔의 펜으로 표시한 후, 2차로 그 색깔의 노트만 따로 암기했습니다.
 두 번째로, 꼭 암기가 필요한 부분은 제가 가장 많이 보는 곳에 포스트잇으로 따로 적어놓거나 많이 사용할 수 있도록 유도했습니다. 2학기 전공과목 중 ‘의사소통론’ 과목에서 ‘에니어그램’ 속성의 순서를 외우는 것이 중요하다고 생각했습니다. 하지만 다른 것들도 외워야 할 것이 너무 많았기 때문에 속성의 순서는 제가 외울 수 밖에 없게끔 만들고 싶어서 핸드폰 비밀번호를 그 순서로 바꾸었습니다. 시험을 준비하는 3-4주 내내 비밀번호가 그 순서이니 자연스럽게 외우게 되었습니다. 다른 전공과목 ‘병리학’에서 배우는 폐활량 용적과 그 이름을 따로 포스트잇에 적어 침대 머리맡에 붙여두었습니다. 그래서 일어나자마자, 자기 전 꼭 그 포스트잇을 한 번씩 읽고 일어날 수 있도록 스스로와 약속했고, 처음에는 잘 되진 않았지만 자연스럽게 그 숫자 또한 외우게 되었습니다. 이러한 방법으로 자연스럽게 내용을 습득할 수 있었습니다.
 특히 인물이나 타이틀을 묶어 외워야 하는 것이 있다면 따로 표를 만들어서 스스로 외우기 쉬운 순서로 바꾸어(*시간에 상관이 없는 것이라면) 외웠습니다. ‘인간의 성장과 발달’의 과목에서는 각 연령대의 특성이 글로 여러 챕터에 합쳐지고 풀어져서 쓰여 있었는데 그냥 책만 읽었을 때는 같은 내용인지 인지하지 못했습니다. 그래서 표를 만들어 한 눈에 보기 쉽게 한 결과 나이대의 특성에 따라 외울 수 있었습니다. 특히 간호학과 전공과목에서는 ‘프로이드’와 ‘에릭슨’ 등 자주 나오는 학자들이 있는데, 학자별로 따로 정리하여 각 학자가 주장했던 중심 내용을 먼저 파악했고, 그 맥락에 따라 주장했던 내용을 차례대로 정리했습니다. 정리한 결과 그 사람의 생각을 잘 읽을 수 있게 되었고 단순한 암기가 아니라 그 사람의 주장에 공감하며 지식을 습득할 수 있었습니다.
 그리고 수업 내용을 들으면 정리노트(백지노트) 맨 앞에 날짜와 주차를 기록해 그 날 배웠던 것을 타이틀화 했습니다. 작은 네모칸을 만들어서 그 날 포함되었던 주제와 과제 제출해야 하는 것이 있는지 확인하고 적어놓았습니다. 이렇게 했을 때 주차별로 어떤 것을 배웠는지 파악할 수 있기 때문에 문득 교수님께서 어떤 강의에서 한 이야기가 생각났을 때 그것이 몇 주차 강의였는지 다시 기억해낼 수 있었습니다. 그리고 전체적인 수업 내용을 파악할 수 있어서 전에 배웠던 것과 잘 연관시킬 수 있었습니다. 앞에서 잠깐 언급하셨던 부분이 뒷내용에 중요하게 나온다면 일일이 그 내용을 찾을 필요가 없었습니다. 이러한 방법으로 공부한 결과 보다 쉽게, 자연스럽게 지식을 받아들일 수 있었습니다"," 우리 대학교는 과나 학생의 수가 다른 학교에 비해 많은 편은 아니어서 조금만 열심히 하면 충분히 ‘정말 잘 하는 사람’이 될 수 있습니다. 분명 좋은 학점을 받기 위해서는 학생의 수가 많아야 한다고 하지만, 저는 그렇게 생각하지 않습니다. 20명 중, 똑같이 노력하는 것 보다 조금만 더 열심히 한다면, 더 좋은 기회를 가질 수 있는 것입니다. 단순히 ‘저 학우를 제쳐야해!’라는 생각은 아닙니다. 다만 다른 사람이 많은 대학에 비해 나의 변화를 더 잘 볼 수 있다고 생각합니다.
 또한 한 강의 내에 학생 수가 많지 않아 함께 강의를 듣는 학우들의 수업 태도와 공부 방법을 보며 더 열심히 하게 될 수 있었습니다. 비대면 화상강의 zoom을 이용하여 수업할 때, 한 강의에 총 12명 정도 함께 강의를 들었는데, 다른 분들의 집중하는 모습이 한 화면에 보여서 더 정신을 차리고 수업을 듣게 되었습니다. 단순히 다른 학우를 보며 견제하는 것이 아니라 강의를 들을 때 나의 태도가 다른 분에게 방해가 되진 않을까 하는 우려에서 또는 열심히 하는 학우를 위해서 나 또한 열심히 참여해야겠다는 생각을 가지게 되었습니다. 처음에는 저 또한 엄청나게 열심을 다해 참여하려고 하진 않았지만 함께 강의를 듣는 분을 통해 더 집중하며 들을 수 있었습니다.
 그리고 학생 수가 적어서 조금만 열심히 하는 모습을 보이면 교수님들께서 기억해주시고 잘 챙겨주십니다. 혹자는 교수님이 자신의 이름을 기억한다면 좋은 일이 아니라고 합니다. 하지만 저는 다르게 생각합니다. 교수님들께서는 많은 경험을 가지고 계시기 때문에 한 과제물을 보시고 저의 강점과 약점, 제가 살아온 인생을 파악하실 수 있습니다. 과제물 안에 정성과 열정만 담겨 있다면 그것을 기억하시고, 제가 보완해야 할 부분과 잘 하는 부분을 피드백 주셔서 제가 더 발전할 수 있도록 도와주십니다. 또한 제가 몰랐던 수업 내용을 질문했을 때 그것을 기억하시고 나중에 한 번 더 여쭤봐 주신 경험도 있습니다. 저는 이러한 교수님의 관심을 통해 학습 능력을 키웠습니다."," 2020년 1, 2학기 동안 코로나로 인해 중간, 기말고사가 비대면으로 진행되었습니다. 첫 시도였기에 비대면 시험에 있어 여러 의견이 있었습니다. 누군가는 시험을 치는 동안 바로 옆에 사람이 없어 자유로워 좋다는 의견과, 반대로 누군가는 부정행위와 관련하여 우려의 의견이 분분했습니다. 대면 시험과는 달리 교수님께서 한 사람 한 사람을 현장에서 관리할 수 없었기에 비대면 감독의 방법이 덜 철저하다고 생각했기 때문입니다. 이런 여러 의견 가운데, 한 전공과목 교수님께서 시험 직전, “정직은 간호사의 기본 소양이며, 지금 이 순간 정직할 수 없다면 간호사를 꿈꾸지 않는 편이 더 낫습니다. 하나님께서는 모든 행동과 생각을 다 아시니 하나님 앞에서 거짓말을 하지 마세요.” 라고 말씀하셨습니다. 순간 정신이 들면서 의심의 여지조차 남기면 안 되겠다는 생각이 들었습니다. ‘과연 컨닝 페이퍼를 보지 않는 것만이 정직의 끝일까?’란 생각으로 하나님께서 우리에게 바라시는 가치관을 다시 생각해봤습니다. 그 결과 시험 뿐 아니라 내가 공부하는 모든 것에 진심으로 임하고 다른 사람을 시기하지 않으며 함께 성장하는 것이 하나님께서 정말 바라시는 마음이라고 생각했습니다. 이러한 생각을 바탕으로 다음 시험을 준비할 때 그 전의 시험보다 더 철저하게, 더 꼼꼼하게 공부하게 되었고, ‘직업’에 불과한 간호사가 아닌 내가 진정 되고 싶은 ‘진실한 간호사’를 확립할 수 있게 되었습니다.
 만약 비기독교 대학에서 스스로 양심에 의해 행동했다면 같은 상황에 처했을 때 저도 모르게 ‘이 정도는 괜찮겠지?’라며 스스로를 합리화 했을지도 모릅니다. 저 교수님의 강렬한 말씀을 듣기 전까지는 많은 고민과 여러 가지 상황을 머릿속에서 돌려보곤 했었으니까요. 하지만 이 사건을 통해 저는 많은 부분이 바뀔 수 있었습니다. 시험 전, 교수님의 짧은 말씀이었지만 그 안에 묻어나는 하나님의 공의를 통해 저는 제 꿈을 바라보는 태도와, 공부에 임하는 자세, 내 안의 기독교적 가치를 다시 되돌아보며 더 올바른 길로 발전시킬 수 있었습니다. "," 일단, ‘내가 이것을 왜 공부해야 하는가?’에 대한 인식 즉 학습 목적을 뚜렷하게 설정하는 것이 중요합니다. 학습 중에는 한 번쯤은 대충 하고 싶어지는 마음, 포기 하고 싶어지는 마음이 들게 되는데 이러한 마음을 이겨낼 수 있는 방법은 목적을 상기하는 것이기 때문입니다. 목적이라고 해서 어렵게 생각할 필요는 없습니다. 자신이 가진 마음 그 자체가 목적이 되기 때문입니다. 실제로 저는 높은 토익 점수를 가져보고 싶었기 때문에, 취업과는 상관없이 2학기 말부터 꾸준히 토익 공부를 하고 있습니다. 저에게 그렇게까지 급한 것이 아니기에 공부하기 싫을 때가 많지만, 내가 직접 세운 나의 목표를 생각하면 다시 마음이 불타오릅니다. 따라서 ‘나는 왜 이것을 하는가?’의 질문에 고민하는 것이 학습의 첫 발걸음이라고 생각합니다.
 그 다음으로 전체적인 학습 계획을 고려하는 것이 중요합니다. 저는 토익 750점 이상 받는 것이 목표인데, 기간 없이 목표만 가지고 있을 때는 학습을 실행하기조차 어려웠습니다. 그래서 무작정 2월 28일에 시험을 신청하고 이를 위해 공부하는 중입니다. 정해진 기한이 있어야 세분화 하는 것이 수월해지고 끊이지 않을 수 있기 때문에 전체적인 학습 계획을 먼저 정하는 것이 중요합니다.
 목적을 가지고 계획을 세운 후 학습을 실행할 때, 꾸준히 자기에 대해 객관화를 하며 성찰하는 것이 중요합니다. 제가 토익을 준비하며 문제를 풀 때 비슷한 유형의 문제를 계속 틀리곤 했는데, 그 이유에 대해 곰곰이 생각해 본 결과 어휘력이 부족했다는 것을 알았습니다. 그래서 이를 보완하기 위해 어휘에 좀 더 집중하여 토익을 준비하고 있고, 어휘에 집중하기 전보다 더 나은 연습을 하는 중입니다."," 제 방법의 중점을 간략하게 이야기 하자면, 또렷한 목적에 의한 자연스러운 학습, 전체적인 자기 성찰입니다. 작은 마음의 소리를 깨우고 그것을 잊지 않기 위해 노력한다면, 공부할 때 목적을 잃어 느끼는 허무함을 경험하지 않을 수 있습니다. 저는 원래 제가 하고 싶지 않은 공부, 흥미롭지 않은 분야는 쉽게 도전하는 타입이 아닙니다. 그러한 마음이 없으면 학습을 할 때 오히려 스트레스로 다가오는 것을 알기 때문입니다. 그리고 내가 좋아하는 공부를 짜여진 틀에 맞추어 억지로 행하려고 한다면 그 안에서의 진정한 즐거움을 잃어버릴 수 있습니다. 그래서 제가 사용하는 방법의 대부분이 자연스러운 습득을 강조합니다. 내가 모르는 사이 자연스럽게 지식이 들어온다면 쉽게 잊히지 않습니다. 내가 억지로 머릿속에 넣은 것이 아니라 몸이 어느새 반응한 것이기 때문이죠. 모든 학습, 모든 공부를 이렇게 할 수 없겠지만, 최대한 내 마음과 몸이 기쁘도록 학습해야 한다고 생각합니다. 그랬을 때 그 분야에 대한 ‘진정한 지식’이 생기고, 이를 활용하여 더 ‘전문적인 나’로 거듭날 수 있기 때문입니다. 그리고 자연스러운 학습 중 스스로를 돌아보는 것은 멈추지 말아야 합니다. 자신의 길을 돌아보고 스스로 질문할 때 자신이 정말 모르는 것을 깨달을 수 있고 새로운 것을 알아가는 기쁜 마음이 또 생길 수 있습니다.
 이러한 마음을 잘 지키기 위해서는 자신이 의지할 수 있는 곳이 필요합니다. 저에게는 그 역할이 기독교적 가치관과 그 가치관으로 살아가시는 교수님이었습니다. 저와 같이 자신의 가치관에 대해서도 꾸준히 질문하고 생각한다면 자신이 세운 목적을 더 뚜렷하게 확립할 수 있을 것입니다. 만약 순간의 지침으로 인해 잠시 잃어버린다고 해도 다시 더 단단한 마음으로 일어설 수 있습니다. 또 옆에서 자신을 챙겨주시고 생각해주시는 교수님을 의지했을 때 나의 행동, 학습 방법, 나의 생각 등, 내가 고쳐야 하는 것들을 정확히 알 수 있습니다. 아는 것 뿐 아니라 새로운 방법을 알려주십니다. 그 방식으로 새로운 학습에 도전했을 때 한 단계 더 발전한 나의 모습을 발견할 수 있을 것입니다."
3,학생3,"<반복해서 최대한 많은 뇌 영역을 활용하자>
암기력이 약한 내게 암기량이 많은 간호학의 특성은 불리한 조건일 수밖에 없다. 이를 극복하기 위해 효율적으로 암기하는 방법을 찾게 되었다. 그 방법은 최대한 많은 뇌 영역을 활용하며 공부하고, 
반복 복습하는 것이다. 이 학습법을 통해 암기 부담으로 인한 스트레스를 줄일 수 있었고, 수석이라는 의미 있는 결과를 낼 수 있었다.

1. 주요 뇌 영역 (기능)
: 운동피질(입술 운동 등 움직임), 각회(쓰여진 글 이해하기), 브로카영역(말하기), 청각피질(듣기),
 시각피질(보기, 읽기), 베르니케 영역(상대방이 하는 말을 이해하기)

2. 뇌를 최대한 활용하는 공부법 “반복해서 나 자신에게 설명하기”
1) 수업을 집중해서 듣고, 교수님이 하시는 말씀을 모두 필기한다: 교수님의 말씀을 모두 필기한다면 
   수업에 오롯이 집중할 수 있다. 교수님의 설명이 곧 나에게 설명할 내용이 되므로 주의 깊게 듣자.
2) 최소 5회 복습한다.
 -1회차: 전반적인 내용을 파악한다. 처음부터 다 이해하는 것은 불가능하다. 모두 이해하겠다는 
    부담을 버리고 학습 자료를 보면서 나 자신에게 하나하나 꼼꼼히 설명한다.
 -2회차~3회차: 학습 내용을 꼼꼼히 이해하기 위해 노력하면서 나 자신에게 설명한다. 설명하면서
    이해가 잘되지 않는 부분은 스스로에게 질문한다. 스스로 질문에 대한 답을 생각해 보고 
    모르겠다면 교수님께 질문한다. 반드시 이해하고 넘어가야 기억에 남는다.
 -4회차: 복습 3회를 통해 내용을 충분히 파악했으니 학습 내용을 글로 정리해본다. 워드도 좋고, 
    노트 필기도 좋다. 요약하려고 하지 말고 빠짐없이 알아보기 좋게 정리할 것, 
    너무 많은 시간을 할애하지 말 것을 명심하자.
 -5회차~: 글로 정리한 내용을 가지고 복습. 계속해서 나 자신에게 설명한다. 시험 최소 이틀 전부터
  단순 암기해야 하는 내용을 암기하자. (암기력이 약하기 때문에 시험 직전에 집중해서 암기)
3) 앞에서 설명한 내용은 뒤에서 간략히 언급된다. 스스로 간략한 언급을 구체적 설명으로 바꾸자.
 ex. “심부전으로 혈압이 떨어지면 RAAS의 보상작용으로 혈압이 증가해. 이게 무슨 말일까? 자, 
     앞에서 RAAS는 ~이라고 설명했었지. 아, 그러면 혈압을 높이기 위해서 알도스테론을 
     분비시켜 혈류량을 증가시키고, 혈관을 수축시키는 걸 말하는 거겠네.”
4) 나 자신에게 설명하는 이유: 보통 인형을 두고 강사처럼 설명하는 경우가 많은데, 공부는 내가 
 이해하기 위해 하는 것이다. 남에게 설명하듯 공부하면 자꾸 억양에 신경 쓰게 되고 정작
 내가 잘 이해했는지는 검토하지 않는다. 따라서 내가 강사, 학생 모두가 되어 나 자신을 이해시키자.","1. 교수님과의 직접적인 소통
 타 대학은 학생 수가 우리 대학에 비해 많기 때문에 교수님께서 학생 개개인에게 관심을
주시기 어렵다. 그러나 소규모 대학인 KC대학에서는 교수님들께서 학생 개개인에게 각별한
관심을 주고 계신다. 그 예로 간호학과 전공과목인 의사소통론이 종강을 앞두고 있을 때
제출한 소감문 과제를 들 수 있다. 소감문을 통해 공부하며 궁금했던 것을 질문드렸다. 
뜻밖에도 교수님께서 직접 질문에 대한 답변을 해주시기 위해 전화를 주셨고, 교수님과 직접 대화하며 궁금했던 사항에 대해 자세히 이해할 수 있었다. 교수님과의 통화를 통해 궁금했던 것을 속 시원하게 해결하여 기말시험에서도 좋은 결과를 얻을 수 있었다.
교수님의 사랑에 감동하였고, 애교심을 갖게 되었다. 

2. 동기들과의 친교
 소규모 대학인 우리 학교는 동기들의 수가 많지 않기 때문에 두루두루 친하다. 서로에게 
각별한 관심을 가질 수 있고, 조별과제와 같은 협동활동에서도 그 진가를 발휘할 수 있다. 실제로 비대면 강의로 동기들과 친해지기 어려운 상황이었으나 같은 과의 모든 동기들과 이야기해보고, 교류할 수 있었다. 

3. 원하는 강의를 들을 수 있다
 타 대학은 학생 수가 많기 때문에 수강신청이 마치 전쟁과도 같다. 그러한 대학의 학생들은 비싼 등록금을 내고도 듣고자 하는 강의를 듣지 못해 분통을 터뜨린다. 그러나 소규모 대학인 우리 대학에서는 듣고자 하는 강의를 마음만 먹으면 수강할 수 있다. ","1. 학생들의 도덕의식과 정직함
 신이 없다고 생각하는 사람이라면, 오로지 양심만이 도덕적 행위의 동기일 것이다. 그러나 기독교 대학인 우리 대학의 학생들은 하나님께서 나와 함께 하신다는 생각을 가지고 있어, 도덕의식과 정직함의 수준이 높다. 코로나19로 인한 비대면 시험을 치를 때에 학생들이 부정행위를 하지 않은 데에도 큰 도움이 되었을 것이다. 한 교수님께서는 “양심은 속일 수 있어도 하나님은 속일 수 없다” 말씀하셨고, 줌 감독과 녹화 하에 이루어진 시험은 단 한 건의 부정행위도 발견되지 않았다. 

2. 기독교적 ‘사랑’에 기반을 둔 교육
 우리 대학의 교육이념은 일치, 자유, 사랑이다. 우리 대학의 교육을 통해서는 나에 대한 하나님의 사랑을 느낄 수 있다. 이는 나 자신이 얼마나 가치 있는 사람인지, 소중한 존재인지 깨닫게 할 뿐만 아니라 내 이웃이 얼마나 가치 있고 소중한 존재인지 깨닫게 한다. 

3. 책임감과 사명감을 바탕으로 한 학업
 사랑을 통해 인식한 이웃의 가치는 책임감과 사명감을 갖도록 만든다. 간호학과 학생의 입장에서 보면, 대학에서 받은 모든 교육이 미래에 내가 수행할 모든 간호의 질을 결정하며, 이는 환자의 생명과 직결된다는 책임감과 사명감을 가질 수 있다. 가치 있는 소중한 존재인 환자를 위해 헌신하겠다, 환자를 위험에 처하지 않도록 하겠다는 생각을 하게 되면서 학업에 더욱 정진하게 된다. ","1. 학습에 대한 마음가짐
 학업에서 좋은 결과를 얻기 위해서는 반드시 “나도 하면 된다”라는 마음가짐이 필요하다.
“동기들이 너무 열심히 하니까 나는 어차피 안된다”는 생각을 가진 친구들을 많이 봤다. 그런 생각으로는 절대 발전할 수가 없다. 나도 하면 된다는 믿음이 있어야 하고자 하는 마음도 생기고, 더 열심히 할 수 있다. 

2. 체계적인 학습 계획과 성찰
 나는 일주일 단위로 10분씩 쪼개서 일과 계획표를 작성했다. 또한 앞서 언급한 학습법을 준수하기 위해 우선순위를 정리하고 각 단계를 달성할 날짜와 기간을 정리했으며, 체크리스트를 통해 달성해 나갔다. 계획과 성찰 없이는 내가 잘하고 있는지 알 수 없다. 계획을 잘 준수한 나를 칭찬해주기도 하고, 반성하기도 하면서 학업에 대한 의욕을 다져야 한다. 근거 없는 낙관주의는 학업에 도움이 되지 않는다. 계획과 성찰을 통해 근거를 만들어야 한다.

3. 책임감을 바탕으로 한 겸손한 자세
 “지금 나의 학습에 환자의 생명이 달려 있다”는 책임감을 바탕으로 한다면, 아무리 많이 공부해도 부족하게 느껴지기 마련이다. 본인 진로에 대한 책임감을 가져야 하고, 그것을 학습과 연결지어 겸손한 자세를 갖추어야 한다. ","암기 부담으로 인한 학업 스트레스 완화와 그에 따른 효율적인 학습

 모든 학습은 암기가 기반이다. 아무리 내용을 잘 이해해도, 기억에 남지 않으면 활용할 수가 없다. 따라서 학생들에게 암기에 대한 부담은 불가피하다고 생각한다. 사람마다 그 부담감의 정도는 다를 것이다. 나의 경우, 암기에 대한 스트레스가 너무나 커서 학습하고자 하는 의욕도 생기지 않았다. 암기하는 과정이 너무나 고통스러웠기 때문이다. 이처럼 암기 부담으로 인한 스트레스는 학업에 영향을 주는 큰 요인이 된다.
 
 달달 열심히 암기한 후에 돌아서면 잊어버리는 데서 오는 고통을 줄이고, 학습 의욕을 키우기 위해 고안한 것이 나의 학습방법이다. 단순히 암기하는 지루하고 고통스러운 과정에서 벗어나, 나에게 직접 설명해보는 역동적인 학습을 통해 암기 부담은 줄이고, 학습 의욕은 키울 수 있으니 자연스레 성적이 향상될 수밖에 없다. 나는 4년의 대학 생활 동안 꼭 한번은 수석을 해보고 싶다는 야망이 있었다. 이 학습법을 통해서 나는 그 목표를 달성할 수 있었다. 줌을 통한 감독하에 이루어져 대면 시험처럼 준비했어야 하는 간호학과 전공 시험 속에서 이뤄 낸 2020년 2학기 평점 4.5라는 결과가 나의 학습법의 효과를 증명한다고 생각한다.

 약한 암기력으로 고민하는 학생들, 고등학생 시절 암기력이 약해서 이과를 선택했던 학우들에게 특히 이 학습법을 추천하고 싶다. 청소년 자살률이 가장 높은 대한민국의 많은 대학생들 또한 상당 수준의 학업 스트레스를 가지고 있으리라 생각한다. 나의 학습방법을 통해 학업 스트레스를 줄이고 조금 더 건강하게, 즐겁게 공부했으면 좋겠다."
4,학생4,"나만의 학습 방법은 우선 강의를 들을 때는 연습장에 글씨 모양을 신경 쓰지 않고 수업 내용과 교수
님께서 말로 설명하시는 것들을 최대한 다 적으려고 노력한다. 강의 중 교수님께서 하신 농담들을 적
으면 나중에 다시 공부를 할 때 당시 상황들이 더 쉽게 기억되기 때문에 농담도 여러 개 적도록 한
다. 강의를 들은 당일에 연습장에 필기했던 내용들을 다른 공책에 나만의 스타일로 다시 필기한다. 이
때 필기하는 내용들은 시험기간에 참고하며 공부하기 때문에 나름대로
예쁘게 필기하며 중요한 내용들은 파란색, 빨간색 볼펜으로, 말로만 설
명하신 부분들은 보라색 등 다른 색을 이용한다. 또 교수님께서 특히 
강조한 내용이나 핵심 단어들에는 눈에 띄는 형광펜을 사용한다. 필기
                           하면서 직접 그리기 그림 같은 경우는 프
                           린트하여 그 위에 필기면 더욱더 보기 편
                           해진다. 과제나 퀴즈에 출제되었던 문제들
                           은 포스트잇을 활용하여 틈틈이 볼 수 있도록 한다. 필기 외에도 학기
                           중에는 플래너를 사용해 매일 공부했던 시간들과
                           해야 할 일 등을 기록하고 느낀 점들을 적어 다음
                           기회에 보완할 수 있도록 했다. 시험공부는 시험 
                           한 달 전부터 가볍게 복습을 시작으로 서서히 공
                           부를 하며 시험 3주 전부터는 플래너에 하루마다 
공부 계획을 세워 적고 모두 이행하려고 노력했다. 암기 과목의 경우 ‘SR학습
법’과 ‘백지복습법’을 이용했다. SR학습법은 총 3단계로 구성되어 있으며 다른 
공부법들과는 다르게 자연스럽게 내용들을 읽으며 쉽게 공부할 수 있는 방법이
고, 백지복습법은 말그대로 백지에 생각나는 내용들을 적으면 되는 공부 방법이
다. 처음에는 어렵고 고통스럽다고 생각되는 방법이지만 굉장히 간단하고 효과가 확실하게 나타나는 
공부법으로 이 방법을 가장 좋아한다. 1학년 때는 ‘코넬노트 공부법’을 사용했지만 나와 맞지 앉아 효
과가 없었다. 이처럼 각자 나에게 가장 잘 맞는 공부법을 찾는 것이 중요하다. 마지막으로 공부환경이 
중요하다. 1인 독서실이나 독립된 방과 같은 공간에서 공부를 한다면 게으름을 피우는 경우가 많아 
거실에서 공부를 하는 것을 추천한다. 조용한 곳에서 공부를 할 때보다 적당한 소음이 있고 개방된
공간에서 공부를 할 때 더욱 집중력이 발휘되기 때문이다. 카페에서 공부를 하는 사람들이 많고 최근
들어 스터디 카페가 유행하는 이유가 바로 이 때문이다."," 먼저 소규모 강의는 나의 학습 능력을 상승시켜주는 부분에서 큰 도움이 되었다. 대형 강의의 경우는 교수가 학생들을 일일이 확인할 수 없지만 내가 들었던 소규모 강의는 교수님께서 한 명 한 명 학생들에게 다가가 이해도 혹은 과제 등에 대해 구체적으로 질문하고 서로 피드백이 가능하여 이해가 되지 않는 어려운 내용들이 있을 때 손쉽게 질문할 수 있었다. 이를 통해 피드백을 받음으로써 나의 학습능률을 상승시킬 수 있었으며 이는 교수님과의 친교로 자연스럽게 이어지는 데 도움이 되었다. 직접 소규모 강의를 통해 교수님과 사소한 이야기들을 주고받았던 강의가 있었다. 당시 들었던 교양 교수님께서는 쉬는 시간마다 모든 학생들에게 직접 다가가 좋아하는 가수가 있는지, 최근에 본 영화가 있는지, 학교가 끝난 뒤 무엇을 할 건지 등등 친구들끼리 할 법한 사소한 이야기들 교수님과 이야기하며 더 가까워질 수 있었다. 대학교에 입학한 후 처음 듣는 교양 수업에서 걱정되는 마음이 컸던 당시 소규모 강의이기에 가능했던 교수님과의 친교 덕분에 이후에 학교에서 잘 적응할 수 있었던 좋은 경험이 되었다. 마지막으로 학생들과의 친교를 통해 협업 능력이 상승할 수 있었다. 소규모 학과였기 때문에 학과 내에서 모르는 친구들 없이 다 같이 쉽게 친해질 수 있었는데 평소에는 함께 점심을 먹거나 강의를 같이 듣고 시험 기간에는 학교 내 카페에 모여서 서로 모르는 내용들을 가르쳐 주고 문제를 내주면서 어려운 전공 과목에 대한 시험 대비에 있어서 실제로 우수한 성적을 거둘 수 있는 좋은 발판이 되었다. ", 기독교 대학이라는 점에서 학교에서 만나는 여러 학생들과 공동체 의식을 가질 수 있었다. 공동체 의식은 소속감을 통해 결속력을 강화시켜 주는데 이러한 공동체 의식으로 주변에서 열심히 공부를 하는 학생들의 모습을 보면서 나도 학생으로서 공부에 전념할 수 있는 자세를 다잡을 수 있는 계기가 되었다. 또한 기독교 대학교에만 존재하는 채플 시간은 한 주 동안 공부하며 지쳐있던 마음들을 잠시나마 내려놓고 나 자신을 되돌아보며 성찰하는 시간을 마련하여 자기관리를 할 수 있었던 시간이었다. 이러한 채플 활동을 통해 좋은 말씀들을 들으며 희망과 책임감을 얻을 수 있는 좋은 프로그램이라고 생각한다. 마지막으로 나는 종교를 가지고 있지 않아 기독교에 대한 내용들과 역사에 대해 심도 깊이 배울 수 있는 기회가 없었지만 기독교 대학이기 때문에 다양한 기독교의 이야기들과 역사들을 여러 교수님들의 강의를 통해 흥미 있게 배울 수 있었다. 한 교양 기독교 강의에서는 조를 만들어 토론하는 시간을 가졌는데 비종교인과 기독교인 학생들이 섞여 한 주마다 새로운 주제에 대해 토론하며 종교 여부에 따라 다양하고 다른 생각들을 가질 수 있다는 것을 직접 경험하며 좋은 경험이 되었다. 이러한 기독교 강의들을 통해 더욱 긍정적인 기독교적 가치관을 설립할 수 있는 계기였다.," 학습에 있어 가장 중요한 사항 첫 번째는 뚜렷하고 자세한 동기와 목표이다. 예를 들어 ‘성적 상승’과 같이 단순한 동기와 목표는 우수한 학습 성장률을 보일 수 없다. 나는 아르바이트를 하지 않아 등록금 마련을 위해 교내 성적 우수 장학금과 4.1 이상의 학점을 목표로 잡았다. 이와 같이 정확한 목표를 설정할 시 목표를 달성하기 위한 동기부여가 작용된다. 두 번째로 중요한 사항은 공부하는 것에 흥미를 가지는 것이다. 아무리 내가 잘하는 분야일지라도 재미를 느끼지 못하면 금방 지치기 마련이다. 나 역시도 고등학교를 다닐 때 공부에 흥미가 없었고 잘하는 편이 아니었다. 하지만 내가 좋아하는 분야의 학과에 입학하고 흥미 있는 전공과목, 재미있어 보이는 교양 강의들을 들으면서 강의를 듣는 내내 지루하지 않았고 시험공부를 할 때도 늘 즐겁게 입하면서 흥미를 가지는 것이 중요하다고 직접 느끼게 되었습니다. 마지막으로 중요한 사항은 꾸준함이다. ‘노력을 이기는 재능은 없고, 노력을 외면하는 결과도 없다’라는 말이 있듯이 매일매일 공부하는 자세가 중요하다. ‘오늘은 날이 흐려서’, ‘기분이 좋지 않아서’ 등 여러 이유로 핑계를 대고 공부를 하지 않는다면 절대 성적이 좋아질 수 없다. 물론 처음부터 많은 시간을 들여 공부하기 쉽지 않기 때문에 적은 시간을 순서로 점점 공부하는 시간을 늘려 나가는 것이 중요하다. ", 나의 학습방법들은 단기간에 성적을 올릴 수 있는 방법은 아니다. 하지만 앞서 말한 것과 같이 사소하지만 매일 꾸준히 조금씩이라도 실천해 나간다면 반드시 좋은 결과를 얻을 수 있을 것이다. 시험공부를 미루거나 벼락 치기를 하는 등 늘 닥쳐서 공부를 할 때와 달리 저의 학습방법들을 활용한다면 시험을 볼 때 더 여유로운 자세로 시험에 임할 수 있을 것이다. 나 또한 처음부터 높은 성적을 받지 않았다. 처음 대학교에 입학한 1학년 1학기에는 3.5 학점을 조금 넘는 평균에 속했지만 지금까지 포기하지 않고 꾸준히 공부한 결과 4.4 학점을 받으며 전공 석차 1등이라는 값진 결과를 받을 수 있었습니다. ‘인내와 끈기와 피나는 노력은 성공을 안겨주는 무적 불패의 조합이다’라는 말처럼 꾸준히 노력한다면 시간이 지날수록 더욱 성장하는 모습들을 경험할 수 있습니다.
5,학생5," 
지난 2020년도는 그 누구도 예측하지 못했던 코로나 바이러스로 인해 모든 대학교에서 평소 진행해오던 방식인 대면수업이 아닌 비대면 방식으로 강의를 진행하게 되었다. 갑작스러운 비대면 온라인강의로 인해 많은 대학교와 학생들은 많은 혼란을 겪게 되었다. 하지만, 곧 온라인 강의에 적응해 나는 온라인 수업에 맞는 공부 방법을 찾게 되었고, 내 나름대로 비대면 수업이 가지고 있는 장점을 최대한 활용한 공부법을 찾게 되어 이 방법을 소개해 주고자 한다. 

1. 수강 신청 팁
‘시작이 반이다’라는 말이 있듯이, 학기 시작 전 강의 시간표 짜는 것이 모든 학습에서의 기본이 되는 것 같다. 두 학기 동안 원격 수업을 들은 학생으로써 시간표를 짤 때, ‘내가 할 수 있을 만큼 내 한도 내에서 욕심 부리지 않기’가 제일 핵심인 것 같다. 온라인 강의 특성상 기간 내에 들으면 되는 강의가 대부분이라 한 요일에 몰아서 넣은 학우들이 많을 거라 생각한다. 나역시도 처음 수강 신청을 할 때 공강하나 없이 1교시 부터 넣은 요일이 2일이나 있는, 평소와는 다른 시간표를 짰다. 이는 원하는 강의를 다 들을 수 있다는 장점도 있었지만, 시험 기간에 아주 곤욕이라는 큰 단점이 있었다. 따라서, 너무 욕심부리지 않고 하루에 2강의 정도씩 듣는 것을 추천해 시험 기간에도 너무 힘들지 않았으면 한다. 
2. 온라인 강의 수강 팁
비대면 강의의 장점이자 단점은 실시간 강의가 아닌 이상 강의 시간의 강제성이 떨어져 시간을 비교적 유동적이고 자유롭게 쓸 수 있다는 것이다. 하지만, 아무리 출석 기간이 7일이라는 시간을 준다고 하지만 나는 나만의 시간표를 작성하여 꼭 그 시간에 듣는 것을 목표로 삼았다. 학교를 못가는 상황에 집에서 혼자 시간을 지키며 강의를 듣는 것은 여러 가지 유혹에 의해서 쉽지 않았다. 피곤한 아침에 늦게 일어나고 싶어지고 강의를 틀어놓고 딴 짓을 하고 싶어지고 제대로 강의 듣기란 쉽지 않았다, 이러한 이유로 나는 알람 설정으로 항상 같은 시간에 일어나게끔 하고자 노트북으로 강의를 틀어 놓고 핸드폰으로 하는 행동을 방지하고자 몇 가지 방법을 활용했다.

(1) 핸드폰 잠금 _ Forest
핸드폰 사용으로 인해 심각함을 느낀 나는 가장 먼저 핸드폰 잠금 어플을 찾아 보았다. 이 어플은 2500원인 유료어플이지만, 랭킹1위에 있었고 돈이라도 내면 쓰지 않을까  라는 생각으로 다운받았다. 다른 어플과 같이 어플 내에 시간을 설정 해 두고, 설정한 시간이 지날 때까지 핸드폰을 사용하지 못하게 하는 아주 간단한 어플이다. 하지만, 이 어플만의 특색인 나무 키우기가 있는데 나무를 키워 숲을 조성하고 싶게끔하는 동기를 주고, 시간이 지난 뒤 코인을 주는데 이 코인으로 성취감도 느낄 수 있는 어플이었다. 나는 내 스스로의 의지로 유혹을 이겨내기 힘들다는 것을 알고 있기에 이렇게 어플의 도움을 받아 강의를 듣는 시간 동안에는 핸드폰 사용을 강제적으로 하지 못하게 하였다. 


(2) 필기 _ Good Note
내가 가장 자신있어 하는 공부법은 ‘필기’이다. 주로 아이패드를 이용하는 편인데, 많은 필기 어플 중 Good Note를 활용하여 필기하는 편이다. 이는 시험을 볼 때도 아주 많은 도움을 주었다. 나는 이 Good Note를 사용해 온라인 강의를 들으면서 동시에  필기한다. 밑에는 내가 강의 시간 중 필기한 사진이다. 빠르게 지나가는 강의를 들으며 타이핑을 치는 것 보다 직접 손으로 필기 하고 후에 강의가 끝나고 깔끔하게 필요한 자료를 넣으면 정리했다. 강의를 들으면서 필요한 부분은 빠르게 올가미로 옮겨 필기를 할 수 있고, 밑줄과 형관펜 효과도 있어 중요한 부분을 강조하면서 강의를 들었다. 뿐만 아니라, 중요한  ppt의 장면은 즐겨찾기 혹은 책갈피를 표시해 시험때 활용하였다. 


3. 비대면 온라인 시험 필수 팁
이번에 비대면 방식으로 시험을 보게 되면서, 대부분 적은 시간을 주고 많은 양의 시험을 보는 ‘오픈북’형식의 시험이었다. 책을 보고 시험 문제를 풀어도 된는 시험인 만큼 공부를 하지 않고 ‘ppt자료만 다운받아서 단어로 찾아야지’ 라고 생각하는 학우들이 있는데 큰 오산이라고 말하고 싶다. 자료를 참고해도 되는 만큼 시험 범위의 양도 많아 미리 공부를 해서 최소한 몇 차시 강의에 어떤 내용을 배웠는지 키워드를 정리 하는 것이 중요하다고 생각한다. 나는 정리한 자료들을 노트북으로 반반 멀티태스킹을 한 후 문제의 요점키워드를 그 차시의 자료에서 찾아 시험을 보는 방법을 사용했다. 또한, 앞서 말한 책갈피를 통해 중요한 부분을 파악해 시험에서 바로 책갈피를 사용해 찾아 답을 적었다. 

","
1. 소규모 강의
처음 강의를 들었을 때 나는 강의에 생각보다 적은 학우들이 앉아있어 놀랬다. 하지만, 학생 수가 적은 만큼 집중적으로 강의를 들을 수 있다는 장점이 있다고 생각 했다. 이를 통해, 강의시에도 교수님과 활발한 소통이 가능하다고 생각한다. 또한, 모르는 부분이 있다면 직접 교수님에게 여쭤볼 수 있는 진입장벽이 비교적 낮은 편이라 생각한다. 

2. 맞춤형 소통
우리 학교의 학생들은 극과 극으로 나눠져있다고 생각한다. 비교과 프로그램등에도 참여를 적극적으로 하며 다양한 정보를 얻고, 교수님과 자주 소통하는 학우들과 소극적인 학우들. 나는 우리 학교는 비교적 소규모 학교이기에 교수님과 보다 활발히 소통 할 수 있다고 생각한다.  면담을 하였을때 학업적으로 뿐만 아니라, 취업이나 대학원 등의 정보도 다수가 아닌 밀착형 면담으로 통해 학생이 스스로 자신의 삶을 설계할 수 있도록 맞춤형 소통이 가능하다 생각한다.

3. 발전가능성
우리 학교는 강소대학인 만큼 정부에서 지원을 많이 해주는 장점이 있다. 다양한 강의 방식이나 프로그램등을 도입하기 쉬운편이다.
","
1.기독교적 세계관
학업을 할 때 직면하는 다양한 상황 가운데서 어떻게 바라보며 생각할 것인지를 학습하게 되었다. 

2. 공동체 의식
한 공동체의 일원으로써 소통과 교류를 통해 학우들과 어떻게 교감하고 나누는지 알았다. 이를 바탕으로 내가 가진 정보나 지식으로 학우들과 나누고 공유하였고 나눔의 기쁨도 알게 되었다. 
 
3.소명의식
저 나은 세상을 만드는데 기여하는 마음으로 학생으로서의 소명의식을 가지고 지속적으로 학업하는것을 배웠다. ","
1. 학습동기 및 목표
학습을 함에 있어서 학습동기를 얻어 목표를 세우는 것이 제일 우선이라고 생각한다. 학습을 하는데의 동기와 목표가 있어야 본인이 함에 있어 진취적으로 나아가고 더 발전하며 학습을 하는데에 어려움이 있어도 포기하지 않을 수 있다고 생각하기 때문이다.

2.학습전략
각각의 목표에 따라 학습전략은 다 다르게 계획해야 한다고 생각한다. 예를 들어, 간호학과와 내가 다니는 빅데이터경영학의 학습법은 다르다 생각한다. 따라서 이에 맞는 학습전략을 세우고 학습하는게 중요하다고 생각한다.

3. 학습성찰
학습 후 되돌아보는 시간을 갖으며 개선을 해야 다른 목표가 생겼을 때에도 개선된 학습방법으로 더 나은 내가 될 수 있을 것이라 생각하기 때문이다.","
학창시절 공부를 잘 하고 싶다는 욕심에 자기개발서를 보며 따라했던 적이 있다. 이들은 공통적으로 수 십 가지의 다양한 학습법들이 나오지만, 결국 그 어느 것도 나와 100% 맞는 학습법은 없다는 것을 깨달았다. 우선, 나는 본인이 어떤 스타일인지 아는 것이 가장 중요하다고 생각한다. 각자 개인의 특성에 맞는 학습방법이 있고 나의 방식은 수백, 수만가지의 많은 학습방법 중 하나라고 생각이 든다. 내가 앞서 언급한 공부법들은 주로 온라인 강의 위주에 맞춘 공부법들이다. 대면강의에 비해 비교적 집중력이 떨어지는 비대면 강의로 인해 추천해준 앱을 통해 핸드폰으로 딴 짓하는 시간은 줄어들 것이라 확신한다. 또한, 필기법을 통해 꼭 시험을 위해서가 아니더라도 후에 필요한 정보를 찾을 일이 있다면 그 부분의 키워드를 찾아 정보를 쉽고 편리하게 얻을 것이라 생각든다. "
6,학생6,"      물론 본 사업은 신입/재학생들로 하여금 학업 성취를 고취시키기 위함이기에 긍정적인 글을 기대하겠지만, 본교에 2016년 처음 입학하였을 때의 생각을 솔직하게 서술하자면 대부분의 학생들이 느꼈을 바와 같이 캠퍼스에 처음 실망하였고, 인서울이라며 위안을 하던 내게 수업이 시작하자 약 30%의 참석 인원이 잠을 자거나 다른 행위를 하는 모습에 크게 실망하며 나의 입시는 암울하다는 생각 뿐이었습니다. 저는 대일외국어고등학교에 영어과에 수석 입학하였으나, 기대했던 실습 위주의 수업이 아닌 대학 입시만을 위한 수업에 의해 실망 후 선덕고등학교로 전학하여 NGO를 설립하고 동남아시아의 교육문제를 해결하겠다고 열심히 발로 뛰던 글로벌 리더이자 세계 시민이었습니다. 그런 제게 KCU의 자부심이, 애교심이 생겼던 것은 “경영학원론”과 “경영정보시스템원론”수업을 이수한 후였습니다. 당시 이강호 교수님께서는 매주 신문 중 경영 섹터를 읽고 주제를 선정하여 매주 발표를 시키셨고, 가장 기초를 배워야 하는 저는 대한민국이, 세계가 어떻게 돌아가고 있는지, 그곳에서 경영학을 어떻게 접목을 시켜 세계 시장을 개선해 나가야 하는지에 대해 배울 수 있었습니다. 또한 제 은사님이시자 존경하는, 현재 KCU의 총장님이신 이길형 교수님께서는 4차 산업시대에 정보 시스템이 어떤 의미를 가지는지에 대한 현실을 항상 강조하셨고, 이길형 교수님 덕분에 저는 빅데이터 기반의 마케팅이라는 시대에 걸맞는 전공에 눈을 뜰 수 있게 되었습니다.
     비록 두서없이 나열 하였지만, 가장 큰 키워드는 “실무 기반”이라는 점입니다. 결국 대학에서 공부함은 사회에 진출하여 기업의 한 구성원으로서 나의 역할을 다하기 위함인데, 대부분의 학생들은 고등학교 시절 본인들이 하였던 공부법에 벗어나지 못해 암기와 문제 풀이 위주의 공부를 하려고 하지만 저는 제가 배운 이론과 수업 내용이 과연 실무에서는 어떻게 적용이 될지에 대한 끊임없는 고찰을 하였고, 실제로 시험에서 나왔던 “만약 나라면?”이라는 질문에 정말 시험 준비를 하며 밤새 고민하였던 나의 꿈에 대해 쉬지 않고 답변하고 나올 수 있었습니다. 그리하여 대부분의 교과목에서 A~A+의 성적을 거둘 수 있었고, 지금의 총장님이신 이길형 교수님께서는 매 수업 프리젠테이션 시 실제 기업의 구성원이라고 가정하며 그 기업이 성장할 수 있는 일침을 날리던 제게 심지어 “보잘것없는 수업을 값지게 만들어주어 고맙다”는 찬사까지 아끼지 않으셨습니다. 
      초등학교는 중학교에 진학 전 기초를 다지고, 중학교는 고등학교 진학 전 나의 기초를 조금 더 다듬은 후 고등학교에서는 대학에 진학을 위해 나의 가진 잠재성을 보여준다면, 대학에서는 사회에 나가기 전 마지막으로 세상은 어떻게 이루어져있고, 나는 그 구성원으로서 어떤 마음가짐과 역할을 할 것인가에 대한 끊임없는 고찰이라 생각한다면, 앞으로의 학습법에 대해 충분히 생각 후 깨달음을 얻을 수 있을 것이라 믿어 의심치 않습니다.","     사실 저는 본교에 재직하며, 물론 학교 자체가 소규모이지만, 다양한 교우들과의 인연을 맺지는 못하였습니다. 비록 소수의 인원들과 인연을 맺고, 직장을 갖게 된 지금도 연락을 하고 지내고 있지만, 1학년 초반때에는 다른 학교에서 생활하는 친구들과 비교되며 학교도 별 볼일 없고, 학생수도 적고, 애교심이 적어 서로 따로 노는 모습에 실망을 크게 하기도 했습니다. 하지만 학년을 거듭할수록 나와 이전 학기에 같이 의견을 나눈 팀원들이 같은 수업을 이수하고, 그 인원들과 다시 함께 한 조를 이루며 나의 학습력과 기존 수업 당시 내가 주장하던 의견을 조금 더 강화할 수 있는 뒷받침의 원동력이 되곤 했습니다.
     또한, 수업 중 대다수가 50~100명의 대형 강의가 아닌 10~25명의 소규모 강의식으로 이루어지기 때문에 대부분의 수업 도중 교수님께서 학생들의 의견을 물어보거나 학생들의 입장을 발표하는 프리젠테이션식 수업으로 운영되고 있기 때문에 나의 이상과 실제는 어떻게 다른지에 대해 충분히 알 수 있으며, 내가 아닌 다른 사람이자 다른 시장은 어떻게 생각하는지에 대해서도 충분히 배울 수 있는 기회가 있습니다. 또한 사회에 진출 한 후에도 나의 의견을 상대방에게 설득력 있게 말하는 방법을 다년간의 프리젠테이션 수업을 통해 배울 수 있으며, 더 나아가 업무상 프리젠테이션이 필요할 때 전혀 문제 없이 완성도 높게 업무 진행에 대한 배움을 얻을 수 있습니다.
","     저는 솔직하게 말하면 가톨릭을 믿는 신자입니다. 본교에 입학 후 예배시간과 같은 반 강제적 신앙심을 요구하는 시간에 반발을 가졌던 학생 중 한 명이었습니다. 왜냐하면 제가 지금까지 믿었던 가톨릭은 그 누구에게도 신앙심을 강요하거나 강제하지 않았기 때문입니다. 물론 아직도 주 2시간씩 이수하지 않으면 졸업을 못하게 하는 예배시간에 대해서는 불만이 없는 것은 아니지만, 수업 중 종종 기독교적 윤리에 대해 설명하시는 교수님들을 보며 많은 점을 배울 수 있었습니다. 이길형 교수님께서는 매 수업 첫 시간과 마지막 시간, 그리고 시험 기간에는 늘 기도로 시작을 하십니다. 이 조그마한 시간은 저 또한 이 가르침과 값진 시간을 하느님께서 돌보시며 제가 이 시간을 헛되이 보내지 않고 장차 세상에 나아가 소중하고 값진 사람이 될 수 있도록 응원해주는 시간이라 느껴지곤 하였습니다. 뿐만아니라 교수님께서는 늘 “이 모든 이들이 세상에 나아가 누군가에게 도움이 되며 구원의 손길이 되게 하소서”라는 기도를 해주셨고, 실제 회사생활을 하며 저는 항상 이윤을 추구해야 하는 공급자임에도 어떻게든 상생하고, 고객사가 실수를 하여 제가 큰 이익을 볼 수 있게 될지라도 몰래 개인적으로 도움을 주며 함께 나아가려는 자세를 지키려고 합니다.
     요즘 가장 화두가 되는 단어 중 하나가 바로 “윤리경영”입니다. 이제는 나만의 이윤을 추구하는 것으로는 세계 시장에서 경쟁력을 얻을 수 없습니다. KC대학교는 이러한 세상에 학생들이 나아가기 전 세계 시민으로서, 윤리 경영자로서의 마음가짐을 가질 수 있게 도와주는 글로벌 세계에 걸맞는 학교라 생각합니다.","     위에서부터 강조한 바와 같이 대학 공부에 있어 가장 중요한 사항은 “실무 위주의 학습”입니다. 마케팅을 전공하여 대학원에 진학하여 “고객 심리”에 대해 심층 깊은 공부를 한다 할지라도 결국 고객의 심리를 파악하고 분석하고 대응하는 것은 실무에서 효과적으로 고객의 수요와 선호를 끌어내어 기업의 이윤을 추구하고자 함입니다. 사회복지학으로 설명하자면 적재적소에 필요한 복지 사항을 파악하여 그 분야에 투자함이고, 간호학으로 설명하고자 하면 자주 발생할 수 있는 환자와 해당 질병에 대해 미리 파악하여 환자 발생 시 아무리 긴급하더라도 침착하게 대응할 수 있는 대응력을 키움입니다. 결국 우리는 사회의 하나의 구성원으로서 그 역할을 다른 이들보다 전문적이고 체계적으로 수행하고자 대학 공부를 하는 것이고, 사회 시민으로서 교양과 사람됨을 보여주기 위해 대학 공부를 하는 것입니다. 그렇기에 문제 해결 능력을 요구했던 고등학교 학습법에서 이제는 벗어나 사회 구성원으로서의 역할을 다 할 수 있도록 본인의 역량을 강화할 수 있는 공부법에 대해 고민해야 하는 시기입니다.","     저는 자동차 부품 중 전선을 보호하는 테이프 제조 회사에서 수출 ? 해외 마케팅을 담당하는 팀에서 인도, 태국 등 아시아의 시장을 담당하는 팀원으로 근무하는 회사원입니다. 비록 근무한지 6개월 밖에 되지 않았지만, 올해 4월, 부서 개편 시 특진과 더불어 팀의 선임으로 진급할 예정입니다. 물론, 제가 담당하던 중국과 인도가 자동차 시장으로서는 1, 2위를 다투는 거대시장이고, 저와 함께 업무를 하던 현지 에이전트들의 도움이 있었기에 시장 확장이 가능했다고는 하지만, 가장 큰 도움은 제가 3년간 학교 생활을 하며 배웠던 고객 심리와 시장 심리, 시장 분석학이었습니다. 고객사와의 관계 중 가장 크게 생각해야 하는 것은 제품의 품질과 납기일이라고 생각할 수 있지만, 인간으로서의 관계 또한 큰 비중을 차지하는 것입니다. 4월 개편 시 타 부서로 인사 이동이 예정되어 있는 현재 팀장은 고객사에게 본인이 더 똑똑하다 생각하며 가르치려 들고, 매번 고객이 이해를 못 하는 것 같으면 전화하여 본인 생각만 이야기 한 후 전화를 끊고는 했으나, 제가 “마케팅 원론” 수업을 들으며 이러한 행위는 고객과의 신뢰와 관계를 정말 악화시키며 지양해야 하는 행위라는 것을 배웠습니다. 이에 저는 고객들과 서로 Mr. Lee가 아닌 이름인 Karlvin이라 부르며 친해졌고, 매주 통화하며 통화 중 반은 사적인 대화를 하곤 합니다. 이러한 행위는 모두 경영학 수업 중 교수님들로부터 배웠던 지식과 노하우를 기반으로 한 행동들이었고, 사원으로서는 할 수 없는 업적을 이루어내 회사 내에서도 빠른 팀 리더로 자리매김을 할 수 있었습니다. 본 학습 포인트를 머릿속에 잘 새기고 수업을 잘 이수한다면 KCU만의 장점을 살려 비록 메이저 대학은 아니지만, 그 어떠한 메이저보다 본인이 메이저가 될 수 있는 가능성이 풍부하다고 믿어 의심치 않습니다.
"
7,학생7," 
 대학교 1학년 생활을 집에서 온라인 강의를 통해 학습하면서 공부를 하기 위한 많은 시도를 해보았고 온라인 강의에 맞는 저만의 방법을 찾아 나갔고 실제 사례를 소개하도록 하겠습니다. 온라인을 통해 혼자서 공부를 하는 시간이 많으므로 대학공부를 할 때는 공부를 하는 방법도 중요하지만, 공부를 할 수 있는 환경을 만드는 것이 가장 중요하다고 생각했습니다. 그래서 공부를 할 수 있는 환경을 만드는 법과 공부를 한 방법 두 가지를 소개하고자 합니다. 
1) 공부를 할 수 있는 환경 만들기
 고등학교까지는 교실에서 친구들과 함께 공부하면서 자연스럽게 공부를 할 수 있는 환경에 있었고 서로 문제집이나 암기 방법들을 공유하면서 수월하게 공부를 할 수 있었습니다. 하지만 대학교에 들어와서 온라인으로 수업을 듣고 과제와 공부를 진행하는 것은 처음에는 쉬워 보였지만 집에서 집중해서 공부하는 것 자체가 쉬운 일은 아니었습니다. 그래서 학교처럼 자연스럽게 공부를 할 수 있는 환경을 만들어야겠다고 생각했습니다. 첫 번째 방법으로 친구들과 함께 스터디를 만들고 매주 복습을 하며 동기부여를 하는 방법을 선택했습니다. 학교에서 진행하는 점프업 스터디에 참여해서 그 주에 배운 내용을 바탕으로 요약정리를 하고 퀴즈를 만든 후 정해진 시간에 함께 퀴즈를 풀고 모르는 부분은 서로 질문하면서 함께 공부하는 시간을 가졌습니다. 이 시간을 통해서 배운 내용을 복습하고 모르는 내용은 함께 고민하면서 해결할 수 있었습니다. 이 중에서도 가장 좋았던 점은 스터디를 위해서 더욱 수업에 집중할 수 있었고 매주 친구들을 통해 동기부여를 받으면서 공부를 할 수밖에 없는 환경을 만들 수 있었다는 점입니다. 두 번째 방법은 플래너는 작성하는 것입니다. 매일 수업을 듣고 과제나 조별 활동을 플래너에 적고 하나씩 지워나가면서 해야 할 일을 해서 과제 제출을 늦지 않게 할 수 있었고 조별 활동도 빠르게 진행할 수 있었습니다. 과제를 할 때 하나씩 찾아서 확인하고 제출하는 방법보다 내게 필요한 내용만 플래너에 적어둔 후 제출하기 전에 다시 한번 확인하는 것이 더욱 효율적으로 과제를 해결할 수 있었습니다. 또한, 학교에서 진행하는 비교과 프로그램에 참여할 때도 플래너에 제출기한을 함께 기록해두어서 많은 활동에 참여할 수 있었습니다.
2) 공부방법
 전공 공부의 경우 우선 그 주에 배운 ppt 내용을 한눈에 볼 수 있도록 A4 용지에 요약하여 정리하고 프린트했습니다. 그리고 내용이 더 자세하게 나와 있는 전공교재를 읽고 ppt에 나와있지 않은 내용을 프린트한 종이에 옮겨적었습니다. 이때는 교수님이 강의에서 강조하신 부분이나 더 설명해주신 부분도 덧붙여서 적으면서 단권화를 하였습니다. 이렇게 정리를 하면서 매주 배운 내용을 복습할 수 있었기 때문에 장기적으로 기억하는데 도움을 받았습니다. 시험을 보기 2주 전에는 전체범위를 A4 용지 한 장에 중요한 부분만 정리하고 반복해서 외우면서 시험을 준비했습니다. 과목당 한 장으로 요약정리한 내용은 시험을 보는 날 아침에 간단하게 다시 볼 수 있어서 유용하게 사용할 수 있었습니다. 그리고 해부학의 경우에는 용어를 외우고 구조를 이해해야 했기 때문에 그림을 직접 그려서 구조에 대한 이해를 높이고 단어를 직접 써서 그림과 함께 외운 것이 도움이 되었습니다. 

 자격증 공부를 할 때는 교양 수강 과목을 통해서 학기 중에 해당 자격증과 관련된 내용을 학습한 뒤 방학을 이용해서 시험을 보고 자격증을 획득할 수 있었습니다. ‘컴퓨터의 이해’라는 과목을 통해서 엑셀을 배우고 이번 방학에 mos 엑셀 자격증을 취득했고, ‘영어 문법’이라는 과목을 통해서 토익 문법을 공부하고 이번 방학에 토익시험을 보았습니다.
","
 우리 대학이 소규모 대학이기 때문에 학습하는 데 도움이 되는 점의 첫 번째는 교수님과의 친교입니다. 1학년에 학교에 거의 나가지 않았음에도 불구하고 지도교수님과 매 학기 1대1 면담을 통해 소통하면서 학교생활에 궁금한 점이나 개인적인 문제를 상담할 수 있는 점이 좋은 것 같습니다. 학생 수가 적어서 교수님과 학생 간의 사이가 가깝고 더욱 친밀해질 수 있었던 것 같습니다. 두 번째는 소규모 강의입니다. 교양 강의의 경우 소규모로 강의가 진행되는 때도 있는데 이 경우에는 학생 수가 적다 보니 교수님께서 과제마다 자세한 피드백을 주시는 경우가 많았습니다. 그래서 나에게 부족한 부분이 무엇인지 정확하게 알고 고쳐 나아갈 수 있었던 것 같습니다. 세 번째는 학생들과 친교입니다. 학과 학생 수가 적다 보니 화상 수업에서 만나도 서로의 얼굴과 이름을 익히기가 쉬웠고 금방 친해질 수 있었던 것 같습니다. ","
 우리 대학이 기독교 대학이기 때문에 학습하는 데 도움이 되는 점의 첫 번째는 동기부여입니다. 매주 채플을 통해 목사님의 설교를 듣고 동기부여를 받으며 생활해나간다는 점에서 학습에 도움이 되었다고 생각합니다. 두 번째는 공동체 의식입니다. 기독교에서는 항상 남을 돕고 사랑하며 살아가는 것을 중요시하는 만큼 공동체 의식이 높고 이는 함께 공부해나가는 대학에서 도움이 된다고 생각합니다. 세 번째는 책임감입니다. 기독교에서 강조하는 것이 말로만 하는 것이 아니라 행동과 실천하는 것인 만큼 책임감을 느끼고 일을 해나가는 데 큰 도움이 된다고 생각합니다.","
 학습하는 데 있어서 중요한 점은 학습 동기, 학습전략, 학습시간이라고 생각합니다. 첫 번째로 학습 동기는 모든 학습을 하는 데 있어서 시작하고 끈기 있게 해나가는 원동력이기 때문에 가장 중요하다고 생각합니다. 특히 코로나 19로 인해 온라인으로 수업이 진행되는 경우가 많은 만큼 스스로 공부하는 시간이 대부분을 차지하고 있습니다. 그래서 요즘에 가장 필요한 것이 학습 동기라고 생각합니다. 그래서 학습을 하기 전에 목표를 세워서 목표를 학습 동기로 삼는 것도 좋고 친구들과 함께하면서 동기부여를 받는 것도 좋은 방법이라고 생각합니다. 두 번째는 학습전략입니다. 사람마다 자신의 성향이 있고 이에 따라서 맞는 공부방법은 다양하다고 생각합니다. 친구들과 이야기하며 함께 공부하는 것이 맞는 사람이 있지만 혼자서 조용히 공부하는 것이 맞는 사람이 있을 수 있습니다. 노트 필기를 하는 것이 잘 정리가 되는 사람이 있지만, 책을 여러 번 읽는 것이 잘 정리가 되는 사람이 있을 수 있다고 생각합니다. 그래서 이에 맞게 자신의 공부방법을 수정해가면서 학습전략을 세우는 것이 필요하다고 생각합니다. 세 번째는 학습시간입니다. 아무리 학습 동기와 전략으로 공부를 하더라고 절대적인 시간이 부족하다면 학업의 성취가 잘 나오기 어렵다고 생각합니다. 특히 강의를 듣고 난 직후에 공부하는 것은 장기적으로 기억하는 데 도움이 되기 때문에 이때의 학습시간은 확보하는 것이 좋다고 생각합니다. 따라서 학습 동기를 가지고 자신에게 맞는 학습전략을 세운 후에 시간을 들여서 공부한다면 좋은 성과를 가질 수 있다고 생각합니다.
"," 
 저의 학습방법은 스터디를 통해 학습동기부여를 받고 플래너를 작성해서 목표를 세운 후 노트 정리를 통해 머릿속을 정리해나가며 학습하는 것입니다. 스터디를 하는 방법은 혼자서 공부할 때 집중이 잘 안 되고 온라인 강의를 1시간 이상 집중해서 듣는 것이 힘들다면 도움이 될 수 있다고 생각합니다. 친구들과 함께하면서 강의도 더 집중해서 듣게 되고 모르는 부분도 함께 해결하면서 복습까지 해결하는 공부방법이라고 생각합니다. 플래너를 작성하는 것은 계속 과제를 빠트리는 일이 많거나 한 번에 여러 가지 일을 동시에 진행할 때 도움이 될 수 있다고 생각합니다. 플래너를 매일매일 작성하는 일이 귀찮기는 하지만 내가 이번 주에 무엇을 해야 하고 다음 주에는 어떤 일을 먼저 진행해야 할지 계획을 세울 때 아주 유용하고 도움이 될 것으로 생각합니다. 노트 정리는 전공과목이나 교양과목의 내용이 너무 많아서 막막하고 머리에 안 들어올 때 사용하면 좋은 방법입니다. 중요한 부분을 내가 알아보기 편한 방법으로 바꿔서 정리하고 더 알게 된 내용이 있으면 추가하는 식으로 단권화하면 이해하기도 쉽고 머릿속으로도 다시 한번 정리할 수 있을 것으로 생각합니다. 그리고 시험 기간에 두꺼운 전공 책을 펴서 찾아보기 힘들 때도 노트 정리를 보면서 내게 필요한 부분을 쉽고 빠르게 찾을 수 있어서 효율적으로 공부할 수 있을 것으로 생각합니다. 사람마다 자신에게 맞는 방식이 있으므로 모든 사람에게 저의 방법이 적합하다고 생각하지는 않습니다. 하지만 공부의 동기가 필요한데 친구들과 공부하는 것을 부담스러워하지 않거나 암기할 과목이 많은 과목이 있을 때는 저의 방법이 도움이 될 수 있다고 생각합니다."
8,학생8,"            저는 일단 공부를 좋아하고 찾아서 하는 그런사람은 아닙니다. 솔직하게 많이 게으르고 공부를 꺼려하는 학생입니다. 그럼에도 저는 4.2이상의 성적을 받고 성적장학금을 타는 저만의 공부비법을 소개하려고 합니다. 
 
물론 저보다 더 성적 잘 받으신 학우분들도 계시겠지만 저는 앞서 말씀드린대로 공부보다는 놀기를 좋아하는 대학생입니다. 첫 번째로 소개해드릴 방법은 수강신청에 관한 부분입니다. 중고등학교와 대학교의 차이는 저는 대학교에서는 자신이 원하는 수업을 들을 수 있는점입니다. 그리고 수강신청은 성적을 잘 받는데 거의 90%를 차지합니다. 수강신청을 잘하느냐 못하느냐에 따라서 성적을 잘받을 수 있는지 아닌지를 판가름한다해도 과언이 아닙니다. 저는 손이 느려서 모두가 원하는 교양수업 소위 말하는 ‘꿀교양’을 매번 놓치는 사람입니다. 수강신청날 만큼은 PC방에 가서 수강신청을 하는게 좋습니다. 개인컴퓨터는 좋은 PC방의 인터넷속도를 따라가기 힘들고 렉도 많이 걸리는게 현실이기 때문입니다. 수강신청을 할 때 유의할 사항은 자신의 전공과목부터 신청하는 것이 아니라 교양수업부터 신청하셔야된다는 점입니다. 저희 학교는 작지만 강한 소규모대학입니다. 제가 이 말을 하는 이유는 각 과의 학생인원은 정해져있고 전공과목은 대부분 교수님들이 다 들을 수 있도록 넉넉하게 수강인원을 늘려주십니다. 하지만 교양과목은 전교생이 노리기 때문에 더욱 치열할 수 밖에 없습니다. 저는 1학년때 대학교에 처음와서 이 시스템을 모르던 상황이여서 전공수업부터 신청하고 교양수업을 신청을 하려고 했는데 항상 수강인원 초과로 원하는 수업을 들을 수 없었습니다. 저는 그리고 수강신청전날 학습계획서를 꼼꼼히 살펴봅니다. 특히 이 수업이 P/F수업인지 꼭 들어야하는 교양수업인지 확인합니다. P/F수업은 성적을 올리는데 중요한 역할을 합니다. 또 하나의 꿀팁을 드리자면 수업인원을 항상 봐야합니다. 가령 50명이 듣는 수업과 30명이 듣는 수업은 교수님이 A를 줄 수 있는 비율이 다르기 때문에 인원이 많은쪽을 듣는 것이 유리합니다. 그리고 저는 수강신청을 할 때 최대 신청가능한 최대학점에 맞춥니다. 그 이유는 나중에 설명하겠습니다. 마지막으로 자신의 인맥네트워크를 이용해 정보를 얻는것도 중요합니다. 제가 우리학과 학생들과 친해지면 제일먼저 하는 말이 “너는 어떤수업이 좋아?”입니다. 그러다 보면 자연스럽게 공통관심사가 생기게되고 수업에 대한 정보도 얻을 수 있기 때문입니다.
두 번째로 출석입니다. 저는 개강첫주에 하는 O/T수업은 꼭 참여합니다. 요즘은 코로나 때문에 온라인 수업으로 하겠지만 첫 수업에 특히 더 집중해서 듣습니다. 그 이유는 수업계획서를 꼼꼼히 보았음에도 실제로 하는 수업방식과 많이 다른 경우가 있습니다. 그리고 교수님의 수업 분위기와 같이 수업을 듣는 학생들이 어떤 친구인지 확인합니다. 그리고 대충 계산을 해봅니다. 이 수업은 50명이 듣는 수업이니까 10%가 A를 받는다고 치면 5명이 받을 수 있는데 그 안에 들어갈 수 있는지 가늠해 봅니다. 그리고나서 이 수업은 A를 받기는 힘들것같다고 판단이 든다면 또 다른 방법이 있습니다. 수강변경기간에 나에게 적합한 다른 수업을 찾고 변경하면됩니다. 그런데 수강변경기간이 지났는데 이 수업은 나랑 안맞는것같다는 판단이 든다면 과감하게 내년에 듣겠다고 다짐을 한 뒤에 수강 포기를 선택합니다. 제가 최대학점을 신청한다고 했었는데 그 이유는 수강포기나 변경이 있을 수 있기 때문입니다. 만약 제가 최소학점으로 수강신청을 하고 도중에 바꾸고 싶은 수업이 있는 경우라면 한학기에 들어야하는 최소학점이 있기 때문에 수업포기도 할 수 없습니다. 출석은 수업마다 다르겠지만 대부분 수업이 10%~20%의 비율의 점수로 들어갑니다. 반대로 말하면 출석만 잘할 수 있다면 10~20%는 따고 들어간다는 소리입니다. 요즘은 온라인 수업으로 과제를 통해 출석여부를 확인하는 경우가 많은데 데드라인을 놓치지 말고 꼭 하셔야 합니다.  
세 번째로 저만의 공부방법은 시험이 아닌 상황에서도 극한의 상황을 이용합니다. 어떤 말이냐면 저는 항상 과제 제출을 데드라인되기 한시간전에서 짧게는 5분전까지로 맞춥니다. 이 방법은 게으른 저에게 가장 적합한 방법이라는 것을 알게되었습니다. 예를 들어서 2월 14일 자정까지가 과제 제출하는 데드라인이다라고 가정한다면 저는 미루고 미루다가 10시부터 과제를 시작합니다. 스스로 2시간밖에 안 남은 극한상황을 만들고 최대한의 효율을 끌어내는 방법입니다. 그리고 제가 군생활 때 하던 습관인데 연습장에 오늘 할 일을 적어놓습니다. 그리고 완료했을 때마다 줄을 그어 완료표시를 합니다.
 
위의 사진은 제가 실제로 5주차때 할 일을 적어놓고 메모한 사진입니다. 이러면 하나씩 지워 나갈 때 마다 성취감을 얻을 수 있고 계획적으로 내가 해야할일을 빠뜨리지 않고 할 수 있습니다. 그리고 데드라인에 맞추는 대신 저는 그동안 그 과제를 어떻게 할까 브레인스톰을 합니다. 마치 1~2시간 남은 시험에서 내가 최대한의 효율로 최대한 빨리 끝마칠 수 있을지를 연구합니다. 그리고 실제 중간고사나 기말고사 시험때 이러한 능력들이 적응이 되었기 때문에 성적이 오르는 것을 체감하실 수 있을 겁니다.","소규모 대학의 최대장점은 교수님과 소통할 수 있다는 점인것같습니다. 저는 학생수가많은 학교에 편입을 했었고 미국에서도 대학교를 다녀보았는데 교수님들과 소통이 힘들었습니다. KC대학교를 다니면서 우수한 교수님들과 소통하기도 편했고 진로상담에 적극적으로 임해주십니다. 저는 학과 간담회를 항상 참여합니다. 교수님을 실제로 뵙고 소통할 수 있는 기회이기도 하고 교수님들이 바쁘신 와중에 시간을 내어 학생들과 소통해주시기 때문입니다. 실제로 저는 저희 학과 교수님들과 메신져를 통해 소통하고 진로상담을 고민합니다. 
두 번째로는 소규모 강의 인것같습니다. 소규모 강의의 단점도 분명히 존재하지만 학생들이 많은 수업에 들어가면 분명히 집중력도 저하됩니다. 이런 소규모 강의의 장점은 제가 2학년때 들었던 영어 토익특강 수업이였습니다. 저는 유학도 다녀왔지만 토익성적이 잘 안나왔습니다. 만약 이런 수업이 대형강의였다면 저는 교수님의 한사람한사람케어도 못받을 것이며 점수도 쉽게 오르지 않았을 것입니다. 이 수업을 통해 저는 200점가까이 토익점수를 올렸던 경험이 있습니다. 
세 번째로는 학생들과 친교입니다. 제가 입학했을 당시에 저희 학과 학생들은 30명이하였던걸로 기억을 합니다. 그리고 전공이 같다보니 전공수업도 많이 겹치고 서로 볼 수 있는 기회가 많았던것같습니다. 그래서 저희 학과 학생들은 1학년부터 4학년까지 전부 친해질 수 있었던 것 같습니다. 서로 정보도 공유하고 같은전공이라는 단합심도 기르게 되고 가령 교양수업에서 마주치면 매우 반가웠던 것 같습니다. ","저는 솔직히 카톨릭신자입니다. 하지만 저는 교회를 잘 나가지 않는 냉담신자였고 종교에 관해서 그렇게 크게 생각하지 않았습니다. 교양필수과목중 기독교의 이해라는 수업을 들으면서 기독교적 가치관을 키우게 되었고 이는 제가 학습역량을 키우는데 중요한 역할을 할 수 있었습니다. 그러면서 자연스럽게 기독교의 발전과정을 공부하게 되었고 이는 저의 가치관확립에 중요한역할을 하게되었습니다. 
처음에는 들어보지도 못했던 우리학교의 그리스도교애 대해서 알게되었고 이제는 확실히 구분할 수 있는 안목도 생겼습니다. 
두 번째로는 소명의식입니다. 저는 4년동안 6회이상의 예배를 참석해야하는데 예배를 통해 소명의식을 기를 수 있었습니다. 저희 과 학우중에 소명의식이 남다른 학우가 몇 명있었는데 이 친구들이 제가 소명의식을 기를 수 있었던 계기가 되었던것같습니다. 그 친구들은 장로교였는데도 불구하고 학교에서 하는 종교활동에 적극적으로 참여하였습니다. 이런 친구들을 보면서 저는 같은 종교도 아닌데 왜라는 의문이 생겼습니다. 같은 하나님을 믿고 대하는 방식이 다를 뿐이라고 말하는 순간 저의 가치관이 달라지게 되었고 제가 왜 공부를 해야하는지 더욱더 느끼게 되었습니다.
마지막으로 동기부여입니다. 저는 그리스도대학교에 다니면서 동국대봉사활동을 간적이 있었습니다. 그때 저는 학교이름만 보고 기독교인데 왜 봉사활동에 지원했냐는 질문을 받았고 순수한 봉사활동에 참여하려고 했던 저한테 있어서는 큰 충격으로 다가왔었습니다. 학교이름만보고 판단하는 사람들이 많구나 내가 더 열심히 해야지하는 동기부여를 얻었던 경험이였습니다.","제가 학습하는데 있어서 가장 중요한 사항은 학습전략입니다. 안좋게 말하면 요령이라고도 표현할 수 있는데 내가 어떻게 A를 받을 수 있는지 판단을 먼저 하는 편입니다. 학생수가 많고 교수님의 지도하는 방식이 나랑 잘 맞는지 판단하는게 중요한 사항 인것같습니다.
두 번째로 공부에 대한 흥미입니다. 저는 이전에도 말했듯이 이 학교에서 다른학교로 편입을 했었고 전공이 잘 맞지 않았습니다. 그래서 자퇴를 결심하게되었고 자신의 전공과 잘맞는 과선택이 중요하다는 것을 깨달았습니다. 
마지막으로 학습시간입니다. 학습시간은 개인에 따라 다릅니다. 먼저 자신의 성향을 파악하는 것이 중요하다고 생각합니다. 게으른 성격이라면 저의 학습방법이 통할 것이며 부지런한 스타일이라면 매주 조금씩 꾸준히 하는 학습방법이 효과적일 것입니다. 한 과제를 두고 10시간이상 하는것보다 효율을 따져서 1-2시간안에 끝내는 방법이 중요하다고 생각합니다.",다른 학우들이 저의 학습방법을 활용할 때 기대할 수 있는 효과는 평소 주차에도 시험이라 생각하고 자신 스스로 최대한의 효율을 이끌어 낼 수 있는 점입니다. 이 효과는 실제 시험때도 익숙해져서 긴장이 덜하고 집중력을 최대한으로 끌어올리고 시험을 잘볼 수 있는점이 장점인것같습니다. 자신을 극한의 상황으로 몰고가서 1-2시간안에 끝내야 된다는 압박감에 잡혀 자신의 능력을 최대한 발휘할 수 있습니다.
9,학생9," 저는 혼자서 학습하는 시간에 꼭 손으로 직접 내용을 써가면서 정리를 하는 타입입니다. 강의시간에는 교수님이 하시는 말씀을 거의 전부 필기를 하는데 이것이 좀 유난처럼 보일지는 몰라도 시험대비기간까지 생생하게 복습효과를 내는 데에 있어서는 최상의 방법이라 생각합니다. 구체적인 저의 학습내용을 단계별로 살펴보자면 다음과 같습니다.
 첫 째, 강의시간에 필기한 내용들을 A4용지나 노트에 다시 한 번 옮겨 담습니다. 여기서 중요한 점은 단순히 글자만 베껴서는 안 된다는 것입니다. 물론 이 방법도 어느 정도의 암기에는 도움이 되겠지만 정확한 학습을 위해서라면 ""이해""라는 것이 반드시 포함되어야 합니다. 따라서 똑같은 내용이더라도 내가 어떻게 이해했는지, 앞으로 이것을 어떻게 기억할 것인지를 고려하여서 완벽하게 내 것으로 습득하는 것이 중요합니다. 제가 공부하고 있는 내용을 나중에 떠올리더라도 헷갈리지 않게끔 나름의 이야기를 덧입혀서 전체적인 학습의 흐름을 이어가고자 노력을 한다는 것인데 간단히 말하자면 ""셀프 스토리텔링""이란 말로 정리할 수 있을 것 같습니다.
 둘 째, 정리한 자료를 소리내어 읽으면서 스스로에게 강의하는 시간을 가져보는 것입니다. 아마 저의 공부 방법 중에서 가장 효과적인 방법을 하나만 골라보라고 한다면 곧바로 이것을 택할 수 있을 정도로 자신있는 시간입니다. 티비나 책에서도 많이 소개된 것으로 알고, 이를 한 번쯤은 실행해 보았을 학우들도 있을텐데 직접 경험해보면 훨씬 더 정확하고 오래 기억에 남는 방법이란 걸 느낄 수 있을 것입니다. 작게 중얼중얼 거리면서라도 나 자신을 가르쳐보면 내가 헷갈렸던 부분들, 자신있게 풀어나가지 못하는 문제점들을 너무나도 쉽게 발견할 수 있습니다. 이 점이 가장 큰 장점이라고 생각하며 발견한 문제점들을 바탕으로 자연스럽게 취약 파트를 집중적으로 공부할 수 있으므로 범위 처음부터 끝까지 단단한 이해력으로 학습의 통일감을 형성할 수 있습니다. 이 과정에서 자신감도 생기기 때문에 실수만 하지 않는다면 시험에서 고득점을 받기에도 어려움이 없기 마련입니다.
 세 번째 단계는 제가 예전부터 선택적으로 하던 방법이었는데, 코로나 사태 이후에는 필수적으로 포함시켜서 공부를 하고 있습니다. 앞선 단계를 쭉 거친 뒤 완전히 나의 것이 된 내용을 한글 파일에 직접 타이핑을 하는 것입니다. 어쩌면 이 방법이야말로 불필요하거나 오버스러운 것으로 여겨질 수 있겠지만, 저에게 있어서는 없어서는 안 될 학습 방법이었습니다. 만약 이 과정을 제외했더라면 시험 성적이 더 낮았을지도 모르겠습니다. 이 방법의 장점은 최종 점검 차원에서의 복습 효과도 있지만, 기술이 많이 발전되고 휴대폰이 거의 신체의 일부분이 된 현대사회에서, 길거리에 의미없이 쏟아버릴 시간을 아낄 수 있다는 점입니다. 자료를 문서화 하게 되면 버스나 지하철에서도 간편하게 핵심 정리 내용들을 볼 수 있고 이는 특히 시험기간에 아주 유용하다고 생각됩니다. 또한 검색 기능을 통해 일일이 손으로 찾지 않고도 작은 키워드 입력만으로 공부하고자 하는, 또는 찾고자 하는 자료 위치로 바로 갈 수 있단 장점도 있습니다. 코로나로 인해 온라인 강의가 많아져 컴퓨터와 휴대폰으로 자료를 많이 접하는 와중에 접목하여 공부하니 더 큰 효과가 있었던 것 같습니다. 
 앞 선 두 가지의 방법만으로도 충분한 효과를 볼 수 있지만 마지막 단계까지 거친다면 잊을래야 잊을 수 없는 견고한 학습벽을 쌓아올릴 수 있을 것입니다. 이는 저의 여러가지 시도와 경험을 바탕으로 최종 정착한 학습방법이며 효과가 성적으로 분명하게 이어지기 때문에 다른 학우들에게도 한 번쯤 추천해주고 싶습니다. 













예시 사진)"," 우선 첫 번째로 소규모 강의를 통해 조금 배우는 속도가 느린 학생들도 끝까지 포기하지 않을 수 있다는 점이 가장 큰 장점이라고 생각합니다. 저학년 당시, 음악 이론 수업을 들을 때였는데 교수님이 열심히 풀어서 설명해주심에도 불구하고 이해가 잘 되지 않아 어려움을 겪었던 친구들이 있었습니다. 마침 그 수업의 수강 인원이 8명 정도였는데 그리 많지 않은 인원이라 4명씩 나누어서 강의를 진행하였는데 덕분에 개개인마다 더 집중적이고 세세한 배움이 가능하였습니다.
 또한 교수님들과 더 친근하고 가깝게, 자주 만날 수 있기 때문에 학업에 있어서의 어려운 점이라던가 개선되었으면 하는 부분들, 앞으로의 진로에 대해서 깊게 논의할 수 있다는 점이 저는 너무 좋게 느껴집니다. 학생들이 현저히 많았다면 이렇게 하기 쉽지 않았을 것 같은데 그에 비해 훨씬 학교생활의 질이 높아진다는 생각이 듭니다.
 마지막으로 동기, 선후배들 간의 활동 소식이나 그 사람이 보여주는 장단점들이 활발하게 비춰지기 때문에 배울 점들이 많이 있고, 내가 더 열심히 해야겠다는 목표 의식도 확고하게 생길 수 있습니다. 또한 서로 의지하며 협력하여 더 좋은 결과를 낼 수 있기 때문에 몇 배 이상의 열매를 맺을 수 있습니다."," 저는 앞으로의 진로에 있어서나 현재 하고 있는 공부들에 있어서도 뚜렷한 신앙의 신념이 있습니다. 그것들을 기독교 학교에서 계속 풀어나가고 있기 때문에 더 큰 시너지가 발휘되어지고 있다고 믿습니다. 목표를 달성하기 위해서는 성실함과 책임감을 가지고 학습에 임하는 태도도 중요하기 때문에 저의 소명 의식을 키워나가는 데에 큰 도움이 되고 있습니다.
 또한 매주 드리는 예배를 통해 정신없이 학업에 쫓기다가도 한 주를 되돌아보며 정리하고 또 다음 주를 살아나가는 힘을 얻을 수 있었습니다. 설교 말씀에서도 자주 강조되어지듯이 예수님의 사랑을 다른 친구들과의 관계에서도 경험하면서 어렵지만 학업에 더 집중할 수 있었고, 잘 맞지 않는 친구와의 관계에서도 회복을 경험하면서 각자 맡은 바 일을 끝까지 묵묵하게 해낼 수 있기도 하였습니다.
 교수님들도 기본적인 신앙과 기독교적 가치관을 가지고 계시기 때문에 저와 굉장히 대화가 잘 통했고 이를 바탕으로 저의 학습 능력을 끌어올리는 데에 많은 도움을 받았습니다. 단순한 가르침에서 멈추는 것이 아니라 신앙적인 이야기들이나 고민을 함께 나눌 수 있는 관계이기 때문에 저의 학교생활에 교수님들이 정말 중요하고 큰 비중을 차지하고 계신다고 생각합니다. 
"," 저는 공부를 하는 데에 있어서 가장 중요한 것이 ""목표 의식""이라고 생각합니다. 내가 공부를 무엇 때문에 하는지, 어느 정도까지 할 것인지, 이 공부가 더 큰 목표의 밑거름이 될 수 있는지, 내가 지치고 않고 끝까지 달려갈 수 있는 원동력이 바로 목표입니다. 목표가 뚜렷하다면 내가 중간에 잠시 멈칫 하더라도 다시 나아갈 수 있고, 다른 길로 새더라도 다시 정도를 걸을 수 있을 것입니다.
 목표를 달성하는 데에 있어서 ""의지""를 빼놓을 수 없습니다. 내가 노력하지 않고 끈기를 놓아버린다면 결국 목표를 달성할 수 없을 것입니다. 이런 의지의 중요성을 잘 알고 있으면서도 스스로를 돌아봤을 때 저의 의지력이 좀 약한 편이라고 생각해왔기 때문에 항상 의식하며 행동하려고 노력하는 편입니다.
 또한 ""학습 성찰""의 시간을 갖는 것도 매우 중요하다고 생각됩니다. 성찰을 하게 되면 깨달아지는 것들이 있습니다. 내가 부족했던 점, 아쉬웠던 점들을 되돌아보며 고쳐야겠다는 마음을 가지고 학습에 새 힘을 더할 수 있을 것입니다. 사람은 누구나 힘듦을 겪고 완벽할 수 없기에, 중간중간 자기 반성을 통해 적절히 환기를 시켜주는 것은 좋은 컨디션으로 공부하는 데에 큰 도움이 될 것입니다.","무엇보다 저의 전체적인 학습 방법의 핵심은 ""반복""인데, 뚜렷하고 정확한 이해를 기반으로 하며 내가 무엇이 부족해서 어떤 것을 더 공부해야 하는지를 분명하게 캐치할 수 있다는 점이 가장 큰 장점이라고 할 수 있습니다. 이 점을 올바르게 파악할 수 있다면 본래 자신이 하던 학습 방법과 저의 활용법이 적절히 조화를 이루어서 긍정적인 효과를 극대화할 수 있을 것이며, 시험 중에 갑자기 생각이 안 난다거나 실수하지 않고 지금도 충분히 잘하고 있지만 더 좋은 결과를 이끌어낼 수 있을 것입니다."
10,학생10," 저는 무엇을 시작하든 간에 ‘첫 시작’이 가장 중요하다고 생각합니다. 고등학교 시절 제가 존경하는 선생님께서 “계획에 시간을 투자하는 것은 절대 아까운 게 아니다. 체계적인 틀을 잡고 시작하는 것은 분명 가치 있는 일이다.”라고 말씀하셨습니다. 모두가 같은 시간, 같은 양을 공부하더라도 성적에는 분명한 차이가 있는데, 이 차이를 만드는 것이 바로 ‘계획’인 것 같습니다.
 저는 장기계획, 단기계획, 일일계획 순으로 계획을 세웁니다. 장기계획과 단기계획은 매우 구체적일 필요는 없습니다. 어떤 자격증이 필요한지, 내 목표가 무엇인지 등을 파악하기 위한 단계일 뿐입니다. 반면 일일계획은 구체적일수록 좋습니다. 자신의 공부가 시각화되면 머릿속에 오랫동안 남게 되는 것 같습니다.
 이를 바탕으로 저만의 학습방법을 소개하겠습니다. 일단, 당일 강의 스케줄을 참고하여 공부해야 할 범위와 과제를 적어둡니다. 그리고 강의계획서에 나와있는 주별 수업 내용을 참고하여 예습하고, 이 과정에서 잘 모르는 부분이 나오면 연필로 체크해둡니다. 미리 훑어보면 강의 내용을 더 잘 이해할 수 있고, 모르는 부분을 알고 싶은 욕구에 적극적으로 수업에 참여하게 됩니다. 이렇게 강의를 들으니 혼자 다시 공부할 때 의문점이 거의 없었고, 어려워서 막히는 부분이 생겨도 금방 해결할 수 있었습니다. 그리고 비대면 강의 특성상 궁금한 것을 제 때 해결하지 못할 수 있는데, 교수님께 계속 메일로 여쭤보는 것도 실례일 수 있습니다. 따라서 저는 궁금한 것이 생기면 바로바로 교수님께 여쭤보기 보다는, 일단 교재를 참고하여 최대한 이해해보려고 노력합니다. 만약 그게 잘 안된다면 노트에 질문하고 싶은 것을 적어뒀다가 어느정도 모이면 메일드리는 것이 좋은 것 같습니다. 이렇게 하면 당시에는 이해하지 못했던 질문들 중 일부는 공부하다가 어느순간 깨닫게 되면서, 정말 내가 모르는 질문들만 추릴 수 있습니다. 시험 한달 전에는 시험과목을 역순으로 배치하여 복습을 시작해주는데, 이미 이해한 내용들이기 때문에 복습할때는 주로 암기하는데 시간을 쓰면 됩니다. 역순 배치는 사진을 참고하시면 이해가 될 것입니다.
 저는 1년 동안 위와 같은 방법을 각 과목에 적용하여 학습하였습니다. 글로 옮겨놓으니 굉장히 복잡해 보이지만, 충분히 습관화 할 수 있는 효율적인 학습법이라고 생각합니다. 이 방법으로 저는 1학년 1학기 학점 4.5, 1학년 2학기 학점 4.44를 받았습니다. 만족스러운 성적도 좋지만, 시험이 끝나고 버리는 지식이 아닌 유익한 공부를 할 수 있다는 점에서 저에게 굉장히 의미 있는 학습법이었습니다.
← 시험기간 과목 역순배치 예시"," 소규모 대학이라 좋은 점 첫 번째는, 교수님들께서 학생들을 잘 챙겨주십니다. 특히 담당 교수님께서 개강 전후에 담당 학생들을 모아 성적, 취업 계획 등을 물어보시고 그에 적절한 답변을 해주십니다. 그 과정에서 저는 현재 필요한 것이 무엇인지, 미리 준비해야 할 것이 무엇인지 파악할 수 있었습니다. 이러한 소규모 모임 이외에도 담당 교수님께서 일대일 면담 식으로 전화하실 때가 있는데, 진솔하게 제 이야기를 털어놓을 수 있다는 것 자체만으로 감사하다는 생각이 들었고 현실적인 조언에 많은 도움을 받았습니다. 담당 교수님뿐 아니라 제가 만난 대부분의 교수님들께서 과제에 대한 코멘트를 학생 한명한명에게 구체적으로 달아주십니다. 이처럼 교수님들과의 교류는 혼자 공부하는 것이 지칠 때 위로가 되어 다시 동기부여할 수 있는 힘이 되었습니다.
 두 번째로, 섬세한 강의를 들을 수 있다는 점입니다. 대부분의 대학교에서 원격 강의를 하다 보니 교수님과 학생 간의 교류가 무척 중요해지고 있습니다. 원격 강의는 다소 산만하고 통제가 안될 수 있지만, 소규모라 그런지 특정 학생이 무엇을 하는지 한눈에 보여서 본인의 태도에 더욱 책임감을 느끼고 강의에 집중할 수 있습니다.
 마지막으로, 경쟁으로 인한 스트레스를 줄일 수 있다는 것입니다. 고등학교에 다닐 땐 학생들 수가 너무 많아서 성적을 유지하는 것만으로도 끊임없이 경쟁하는 느낌이 들었습니다. 반면 간호학과 정원은 4~50명 정도여서 개인적으로 조금 여유가 생겼고, 경쟁보다는 같은 학생끼리 힘을 불어 넣어주며 서로를 돕고 응원한다는 마음이 큰 것 같습니다. 또한 제가 아는 것을 친구한테 설명해주면 다시 한번 상기할 수 있기때문에 더 큰 도움이 되는 것 같습니다."," 우리 대학이 기독교 대학이기 때문에 학습하는데 좋은 점 첫 번째는, 제 언행과 행동에 있어 큰 책임을 지고 저를 돌아보게 한다는 것입니다. 최근에 포트폴리오 시상 받을 일이 있어 학교에 갔는데, 교수님께서 시상식 시작하기 전에 기도하시는 모습을 보았습니다. “저렇게 대단하신 분이 어떻게 이런 공적인 자리에서 자신을 낮추고 기도할 수 있을까”라는 생각이 들었고 나도 많이 본받아야겠다는 생각이 들었습니다. 이처럼 대학교 내에서 본이 되는 사람을 찾을 수 있고, 그 분을 통해 나를 돌아보며 공부나 생활에 동기 부여하게 되는 것 같습니다.
 두 번째는, 기독교인으로서 학교에 소속감을 느끼고, 선한 영향력을 끼치고 싶어 더욱 열심히 하게 됩니다. ‘한 사람으로 인해 전체가 평가받는 것이 좋은쪽이든 나쁜쪽이든 주변 사람들에게 큰 영향을 미칠 수 있다’라는 생각이 들었기 때문입니다. 그래서 나를 통해 선한 영향력을 끼칠 수 있는 일이 무엇일까 생각해봤더니 현재로써는 ‘주어진 일에 최선을 다하자’가 결론이었고, 그 결과 학업에 더욱 열중하는 동시에 각종 대회나 프로그램에서 수상도 해보며 좋은 경험을 많이 하고 있습니다.
 마지막으로, 우리 대학이 기독교 대학이라 모든 학생이 일주일에 한 번 예배 과목을 필수로 들어야하는데, 말씀 도중 마음에 와닿는 이야기가 나오면 그것을 묵상하며 힘을 얻을 수 있어서 잠깐 쉬었다가 공부할 수 있는 여유를 주는 것 같습니다. 성경에 나오는 말씀을 일상생활에서의 지혜로 받아들이면 자기 관리에 도움이 되는 것 같다고 느꼈습니다."," 같은 목표를 가진 친구들과 ‘함께’ 공부하면 서로에게 힘을 불어 넣어줄 수 있고, 더 열심히 해야겠다는 동기부여가 되어 우리의 능력을 더 잘 발휘할 수 있다고 생각합니다. 그러나 모두 알다시피 2020년은 코로나로 인해 대부분 집에서 생활하게 되면서 혼자 공부하는 시간이 많아졌고, 그 결과 우울함과 무기력함에 빠져 학습하는데 부정적 영향을 미치기 쉬워졌습니다. 이러한 상황 속에서 가장 중요한 것은 스스로를 통제하고 관리하는 것이라고 생각합니다.
 제가 생각하는 첫 번째 사항은 참고할 ‘교재’입니다. 이를 가장 강조하는 까닭은, 몇몇 친구들이 “주교재를 안 사고 피피티로만 공부해도 괜찮은 과목이 있는 것 같아”라고 말했기 때문입니다. 저는 교수님께서 ‘굳이 교재는 안 사도 된다’고 말씀하셔도, 주교재는 필수라고 생각합니다. 부교재도 사면 더 좋지만 비용이 만만치 않기 때문에 주교재만 사도 충분합니다. 왜냐하면 피피티는 보통 앞뒤 문맥을 생략하고 간략하게 정리되어 있기 때문에 이해가 되지 않는 문장이나 개념이 많습니다. ‘몰라도 그냥 외우면 되겠지’하며 이해를 못하고 무작정 외우면 당연히 쉽게 까먹게 됩니다. 무조건 시험에 나온다는 생각으로 문맥을 이해하며 공부해야 성적이 오릅니다.
 두 번째 사항은 꾸준함입니다. 항상 시험 기간이 되면 그동안 미뤄둔 공부를 시작하는 학우분들이 계실 수 있습니다. 시험 기간에 너무나 많은 양의 범위를 한꺼번에 외우고 나서 시험이 끝나면 다음부턴 열심히 해야지 다짐하고 같은 실수를 반복합니다. 사실 공부를 시작하기가 힘들지 막상 시작하면 잘 되는 경우가 많습니다. 또한 공부를 하면서 받는 스트레스보다 공부를 안하면서 “아.. 공부해야 하는데..”라는 생각이 우리를 더 괴롭힐지도 모릅니다. ‘시간을 낭비한 것에 대한 후회는 더 큰 낭비이다.’라는 말이 있듯이 쓸데없는 생각으로 시간을 낭비할 바에는 편하게 쉬었다가 공부에 집중하는 것이 좋다고 생각합니다. 저는 하루에 최소 3시간은 공부하는데, 당장은 귀찮더라도 꾸준히 해놓으면 분명 도움이 될 것입니다.
 마지막은 학습 성찰입니다. 학습계획만큼 중요한 것이 바로 학습 성찰인 것 같습니다. 하루를 마무리하면서 계획표에 학습 시간을 적어두고 계획을 지킨 것과 못 지킨 것을 검토한 후, 다음 날에는 꼭 지킬 수 있도록 피드백을 합니다. 이 과정을 거치면 게을러지는 것을 방지할 수 있고 자연스럽게 자기통제력이 향상됩니다."," 저의 학습법을 활용한다면 첫 번째, 자기 통제력이 향상되어 꾸준한 학습뿐만 아니라 규칙적인 생활을 할 수 있게 됩니다. 공부할 때 있어서 자기 통제력은 정말 중요합니다. 하고 싶은 것과 해야할 것들을 구분하는 것은 공부할 때 뿐만 아니라, 인생에 있어서 필요한 것을 선택해야 할 때도 본인만의 기준으로 빠른 시간 내에 최선의 선택과 결정을 할 수 있게 됩니다.
 두 번째, 시험을 보고나서도 중요한 내용은 장기적으로 기억할 수 있습니다. ‘이해’ 위주의 학습 이후에 ‘암기’ 위주의 학습을 하게 되기 때문에, 시험을 위한 목적으로 공부를 했지만 결과적으로는 장기기억으로 남아 오랫동안 자신의 것으로 만들 수 있게 됩니다. 과목마다 겹치는 내용도 꽤 있다보니 이론이 겹치는 부분이 있을 땐 자신감을 느낄 수 있을 것입니다. 자연스럽게, 암기해야 할 내용이 줄어들게 되니 정말 효율적인 학습법을 경험할 수 있습니다.
 마지막으로, 원리를 이해하면 머릿속에 도식이 생기기 때문에 암기해야 할 세부사항들도 잘 연결하여 금방 암기할 수 있습니다. 간호학과 과목 특성상 어렵기도 하지만 암기해야할 것들이 너무 많아 무턱대고 외우다가는 금방 까먹게 됩니다. 그래서 생리 기전이나 원리를 이해하는 것이 정말 중요합니다. 일단 원리를 이해하면, 암기할 때 이미 머릿속엔 연결고리가 생기기 때문에 본인만의 방식으로 많은 내용을 체화할 수 있게 됩니다.
 저는 이러한 방법으로 높은 성적을 유지할 수 있었습니다. 자기 통제력을 기르는 저의 학습법으로 다른 학우분들도 공부의 효율성을 경험하고, 성적에 차이를 느끼시면 좋겠습니다. 감사합니다."
11,학생11,"나는 일명 ‘대학판 미개봉 중고’라 불리는 20학번이다. 코로나 사태로 인하여 나의 스무 살은 비대면으로 진행되는 것들 투성이었다. 실기 수업을 제외한 모든 수업이 비대면 수업으로 진행되었는데 나는 처음에 그러한 모든 것들이 낯설었다. 비대면 수업을 처음 접한 많은 학생들이 어려움을 느꼈을 것이라 생각한다. 비대면 수업을 진행하기 위하여 준비해야 하는 과정들도 복잡했지만 내가 제일 어려웠던 건 시간 관리와 과제 리포트 작성이었다. 나의 이야기를 듣고 모든 수업이 비대면으로 진행되는데 왜 시간 관리가 어려워?라고 되묻는 사람이 있을 수도 있다. 나는 이러한 질문에 모든 수업이 비대면으로 진행되기에 더 어려웠다고 답하고 싶다. 대면으로 수업이 진행될 때는 시간표가 정해져 있어 그 시간에 맞추어 수업을 듣는 방식이었지만 비대면 수업으로 전환되고 수업 시간이 명확하게 정해지지 않은 채 기간 내에 수업을 듣고 과제를 해내라는 공지만 내게 툭 던져졌기에 효율적으로 시간 관리하는 것이 어려웠다. 또, 대학생은 처음인지라 리포트를 작성하여 제출하라는 과제들이 낯설었다. 나는 음악콘텐츠학과의 학생으로 학교 시험을 볼 때에도 이론보다 실기를 중점적으로 학습해왔기에 더더욱 낯설고 어려웠던 것 같다. 나는 이러한 불편함을 멀리하기 위하여 내게 필요한 정보들을 찾던 중, 학교 비교과 프로그램을 접하게 되었다. 처음 접했던 비교과 프로그램은 신입생들을 위한 프로그램이었다. 다양한 프로그램이 있었지만 그중 내게 가장 큰 도움이 되었던 프로그램은 학습법 특강이었다. ‘신입생 A+ 글쓰기 전략’, ‘대학생을 위한 공부 하는 방법’ 등 대학생들에게 도움이 되는 영상들을 이수한 뒤 소감문을 작성하여 제출하는 프로그램이었는데 이러한 특강은 내가 학교생활을 하며 다양한 글을 쓰고, 공부를 해나가는 데에 큰 도움을 주었다. 나는 특강을 들으며 중요한 내용들을 메모장에 기록해두었고, 그 메모장을 활용하여 지금까지 학습해왔다. 보통 대학교에 다닐 때 모르는 것들은 선배님들이나 교수님들을 통해 배울 수 있다고 했지만 나는 비교과 프로그램을 통해 대학교에 대해서 많은 것들을 배웠다. 위에서 이야기했던 특강 중 ‘대학생을 위한 공부 하는 방법’이라는 특강을 통하여 전략적으로 학점 따는 방법에 대해 익힐 수 있었다. 본 특강에서는 한 학기 동안 전략적으로 학점을 따내기 위해서는 “궁금증”이 가장 중요하다고 이야기한다. 1. 강의 계획서를 꼼꼼히 확인하며 궁금증 체크, 2. 책, 논문, 인터넷 정보를 통하여 궁금한 것 알아가기, 3. 곰곰이 여러 번 생각해서 알아내기. 특강에서는 이러한 과정을 통하여 알아낸 것을 전략적으로 잘 활용한다면 리포트를 작성할 때에도 불편함이 없을 것이라 이야기하였다. 이 특강을 처음 이수하고 나서는 이러한 단순한 방법만으로 전략적인 학점 따기가 가능할까?라는 생각을 했다. 하지만 학기 내 이러한 과정들을 참고하여 공부한 결과 3점대 후반에서 4점대 초반의 점수를 받을 수 있었다. 아직 마냥 높다고 말할 수는 없지만 불편함이 가득한 환경 속에서 이러한 점수를 받았다는 것이 내게 큰 기쁨으로 다가왔다. 비교과 프로그램을 이수하고 가장 큰 영향을 받았던 수업은 2020년도 2학기에 들었던 ‘기초글쓰기’ 수업이다. 이름이 기초글쓰기인 것처럼 모든 과제가 글쓰기로 이루어졌다. 글쓰기 주제로는 미니 픽션, 자기소개서 작성, 리뷰, 기획서 작성 등 다양한 주제가 있었지만 내가 이수했던 비교과 프로그램인 ‘신입생 A+ 글쓰기 전략’이라는 프로그램이 큰 도움을 주었다. 처음 글을 적을 때 마냥 막막했는데 비교과 프로그램에서 알려준 대로 교수님의 의도를 파악하기 위해 노력하고, 강의 내용을 제대로 이해했는지 여러 번 확인한 뒤 작성하니 수월하게 작성할 수 있었다. 비교과 프로그램에는 이러한 영상 특강뿐만 아니라 진로 상담 프로그램, ZOOM으로 진행되는 다양한 특강들도 준비되어 있기에 학점 관리가 어려운 분들, 시간 관리나 불편함이 가득한 상황 속 멘탈 관리가 어려운 분들이 참고하면 좋을 것 같다는 생각을 잔뜩 하곤 한다. 많은 것들이 비대면으로 진행되고 있는 상황이기에 더더욱 비교과 프로그램을 활용해야 한다고 생각한다. 나는 비교과 프로그램을 통해 얻을 수 있는 포인트인 SGP 포인트를 2020년 1년 동안 약 200 정도 포인트 모았다. 그만큼 나는 비교과 프로그램에 활발하게 참여했고, 그로 인하여 성장할 수 있었다. 글쓰기가 막막했던 내가 비교과 프로그램 이수 후 교내에서 열리는 CTL 후기 공모전, CTL 학습법 공모전, 글쓰기 대회 등 다양한 대회에서 수상할 수 있었다. 나는 특히 나와 같은 상황을 겪게 될 2021년도 신입생들이 꼭 참고하길 바란다.
"," 나는 우리 대학이 작기에 더 강하다고 생각한다. 속담 중 작은 고추가 맵다는 말도 있듯이. 우리 학교는 작기 때문에 학과 수나 학생 수가 다른 학교에 비해 적은 편이다. 하지만 그러한 점이 큰 장점이 된다고 생각한다. 내가 대학교에 입학하기 전, 드라마나 영화에서 접한 대학교의 모습은 매우 차가웠다. 큰 강의실에 많은 학생들이 있기에 누군가 잠을 자거나 수업 중 조용히 빠져나가도 크게 문제가 되지 않았다. 심지어 같은 수업을 듣는데도 사람이 너무 많아 이름을 모르는 경우도 많다는 이야기를 들었다. 나는 사람들과 어울려 이야기 나누는 것을 좋아하는 사람이었기에 그러한 모습들이 차갑게 다가왔다. 우리 대학도 그런 모습일 것이라 생각했지만 우리 학교는 학생 수가 적어 수업 내 인원도 적은 편에 속했다. 그렇기 때문에 서로의 이름을 기억할 수 있었고 친해지는 것도 수월했다. 학교가 소규모 대학이기 때문에 학습하는 데에 도움이 되는 첫 번째 장점은 학생들 사이 친목 도모가 수월하다는 것이다. 이러한 부분이 학습하는 데에 불편함을 줄 것이라 생각하는 사람도 있겠지만 나는 반대라고 생각한다. 오히려 인연이 없는 사람들 사이에서 혼자 지내고, 혼자 공부하게 된다면 그 상황 속에서 불편함을 느껴 학습하는 데에도 불편함을 줄 것이라 생각한다. 그렇기 때문에 학생들 사이 적당한 친목 도모는 꼭 필요한 것이라고 생각한다. 그리고 그러한 관계를 맺을 수 있도록 작은 우리 학교가 크게 돕고 있다고 생각한다. 두 번째 장점은 교수님들의 기억에 남을 수 있다는 것이다. 학생 수가 적기 때문에 교수님들이 학생들의 이름을 기억해 주시는 경우가 많다. 우리 학교 교수님들은 대체적으로 모두 친절하고 다정하셔서 가끔 가족 같다는 느낌을 받을 때도 있다. 진심 어린 걱정과 충고를 해주시고, 누구보다 우리의 앞날을 걱정하고 응원해 주시기에 의지하게 되었고 학교생활에 더 충실할 수 있었다. 세 번째 장점은 수업 시간에 더욱 집중할 수 있다는 것이다. 우리 학교는 대강의실보다 소규모 강의실을 더 자주 활용하기에 학생들이 어떤 태도로 수업을 듣고 있는지 한눈에 알 수 있다. 그렇기 때문에 수업에 더욱 집중하고, 더욱 활발하게 참여할 수 있다고 생각한다."," 우리 대학이 기독교 대학이기 때문에 가장 도움이 되었던 건 공동체 의식이 중요하게 여겨진다는 것이었다. 대학교에서는 특성상 조별로 이루어지는 경우가 많다. 이러한 조별 프로젝트에서 의견이 맞지 않아 삐걱대는 경우가 대다수인데 우리 학교는 기독교 학교여서 공동체 의식이 중요하게 여겨지기에 내가 지금까지 만나온 조원들은 모두 협조를 잘해주었고 책임감도 가득해서 편하게 프로젝트를 마칠 수 있었다. 두 번째로 기독교 대학이기에 기독교적 가치관이 뚜렷했고, 그러한 가치관 덕에 선한 분들이 많아 학교생활을 하는 데에 불편함을 느끼지 못했던 것 같다. 사소한 일들에도 감사함을 느끼고 표현할 줄 아는 분들이 참 많다고 느꼈고 그러한 부분들을 보며 배워야겠다는 생각을 자주 하곤 했다. 마지막으로 기독교 특성상 자기관리가 매우 잘 되어있다고 생각했다. 자기관리가 잘 되어있는 분들이 많아 그분들을 보며 나도 더 열심히 살아야겠다는 생각을 하고, 더 열심히 관리하여 꽉 찬 사람이 되고 싶다는 생각을 했다. 이렇게 내가 동기 부여를 할 수 있도록 도와주는 분들을 자주 만날 수 있었던 것 같다."," 학습하는 데에 있어 내가 가장 중요하게 생각하는 사항은 학습동기, 학습전략, 학습 성찰이다. 첫 번째로 학습동기가 중요하다고 생각하는 이유는 내가 왜 학습하는지에 대해 생각하지 않으면 시작부터 잘못된 것이라고 생각하기 때문이다. 시작이 반이라는 말이 있듯 첫 시작은 매우 중요한 부분이다. 하지만 내가 왜 학습하는지에 대하여 이유를 모르고, 학습동기가 없다면 남들보다 절반 이상을 비워둔 채 시작하는 것이라고 생각한다. 나는 무언가를 학습할 때 동기가 매우 중요하다고 생각한다. 두 번째로 학습전략이 중요하다고 생각하는 이유는 꼭 학습이 아니더라도 어떠한 일을 해낼 때 전략이 없다면 끝까지 진행할 수 없다고 생각하기 때문이다. 학습도 내 안의 나태함과의 전쟁이나 다름없다고 생각하는데 아무런 전략도 없이 나아가다간 금방 무너질 것이라고 생각한다. 전략 없이 전장에 뛰어든다면 아무리 강한 전사라고 하더라도 쉽게 무너질 것이다. 그렇기 때문에 우리가 학습할 때 학습전략은 매우 중요하다. 나에게 맞는 방법이 무엇인지 꼼꼼히 따져보고 구체적으로 계획하는 것이 중요하다. 마지막으로 학습 성찰이 중요하다고 생각하는 이유는 아무리 내가 구체적이고 완벽한 계획을 세웠다 하더라도 진행 과정에서 실수할 수도 있기 때문이다. 사람은 누구나 실수하기 마련이다. 그게 잘못된 것은 절대 아니지만 성찰 과정을 통하여 성찰하지 않고 자연스럽게 넘어가면 내가 무엇을 잘못한 건지 인지하지 못하고 넘어가기 때문에 미래에 큰 장애물이 될 것이라고 생각한다. 그렇기에 학습을 할 때 학습 성찰은 학습 중 반드시 진행되어야 하는 과정 중 하나라고 생각한다. 이러한 세 가지 사항들만 꼼꼼히 지킨다면 학습하는 데에 큰 장애물이나 불편함은 없을 것이라 생각한다. "," 비교과 프로그램이 활성화되어 있지만 아직도 비교과 프로그램에 대한 정보가 많이 없는 학우분들이 많아 안타깝다. 많은 학우분들이 공지사항란에 들어와도 비교과 카테고리에는 큰 관심이 없어 쉽게 지나치곤 한다. 하지만 나는 비교과 프로그램이 학습에 도움을 줄 뿐만 아니라 학교생활이나 나의 진로를 설정하는 데에도 큰 도움을 주고 있다고 생각한다. 교과 프로그램에서는 미처 배우지 못했던 것들을 자세하고 재미있게 배울 수 있기에 학우분들이 비교과 프로그램을 활용한다면 더욱 성장할 수 있을 것이라고 생각한다. 나는 비교과 프로그램을 통하여 다양한 적성 검사도 진행해보았고 진로 로드맵도 설정해볼 수 있어 큰 도움이 되었다. 아직 교내에는 진로 설정에 어려움을 느끼고 학습전략을 짜는 것에 대해 불편함을 느끼는 분들이 많다고 생각한다. 그렇기에 나는 그분들에게 비교과 프로그램을 강력하게 추천하고 싶다. ‘계획을 철저하고 구체적으로 짠다’, ‘공부 일지를 적으며 공부한다‘와 같은 학습법 역시 많은 도움이 되겠지만 나는 비교과 프로그램을 통해 학우분들이 계획하는 방법 또한 배울 수 있을 것이라고 생각한다. 다른 사람들의 학습법을 공유 받았을 때는 나에게 맞는 방법인지, 아닌지도 제대로 모른 채 따라가게 되지만 비교과 프로그램에서는 나에게 맞는 학습법을 찾는 방법을 공유한다. 그렇기에 나에게 맞는 학습법을 찾고 싶은 분들에게 큰 도움이 될 것이라고 생각한다. 편안한 학습 환경을 조성하기 위해서는 나 자신의 멘탈 관리도 중요하다고 생각하기에 다양한 상담 프로그램도 이용할 수 있는 비교과 프로그램을 추천하는 바이다. 많은 사람들이 이 학습법을 통하여 내적으로도, 외적으로도 성장할 수 있을 거라 기대한다."
12,학생12,"제 학습법은 먼저 강의를 들으며 학습 내용을 이해하고 정리하는 것에서 시작됩니다. 강의를 듣고 공부를 하는 것과 듣지 않고 공부하는 것에는 큰 차이가 있습니다. 예를 들어 강의 시간에 졸았거나 집중을 하지 못하면 그날 배운 내용을 복습할 때 내용이 생소하여 잘 외워지지 않거나 장기기억으로 이어지기 힘듭니다. 하지만 강의를 집중하여 들으면 굳이 외우려고 노력하지 않아도 내용이 기억에 남아있거나 복습을 할 때도 훨씬 수월하게 정리해 나갈 수 있습니다. 이것이 제 학습법의 바탕이 됩니다. 그리고 공부를 시작하기 전 계획을 세워놓는 것이 학습에 도움이 됩니다. 시험이 며칠 남았는지, 공부할 내용은 얼마나 있는지, 어려웠던 내용의 과목은 무엇인지 등 자신이 생각하는 우선순위를 두고 거기에 맞게 대략적인 계획을 세웁니다. 너무 구체적으로 계획하면 실행하기 어려우니 시간적 여유를 두는 것이 좋습니다. 예를 들면 ‘오늘은 어떤 과목을 정리하고 저번에 공부한 내용을 한 번 복습하자’라는 식의 계획을 공부를 시작한 날부터 시험 보는 날까지 정리해두면 마음이 조급할 일이 없어 쫓기면서 공부하지 않아도 되니 차분하게 공부를 할 수 있습니다. 만약 그날에 하고자 했던 일을 모두 끝마치지 못하였더라도 미리 세워놓은 계획이 여유로우니 충분히 시험 전까지 하고자 했던 내용을 학습할 수 있습니다. 이 방법은 시간적 여유가 없더라도 효과적입니다. 저도 시간이 부족하면 조금이라도 덜 중요한 과목은 공부를 적게 한다던가 중요한 파트만 외우기도 했었습니다. 하지만 그럴 때 조금 구체적으로 계획을 세워서 공부하면 조금이라도 더 많은 내용을 공부할 수 있었습니다. 한 예시로 제가 듣는 교양 과목의 시험 범위가 생각했던 것보다 내용이 많고, 어려운데다가 시험 날 이 교양 과목 말고도 다른 과목의 시험도 있고, 며칠 안 남아서 굉장히 곤란했는데 오전, 오후, 저녁으로 시간을 나누어 이만큼은 공부하고, 복습하겠다는 계획을 좀 더 구체적으로 세워서 그나마 좀 더 많은 내용을 학습할 수 있었습니다. 그리고 제 전공 특성상 외워야 하는 내용이 대부분입니다. 제가 외우는 방식은 손으로 쓰는 것입니다. 이 방법이 시간이 오래 걸리고 손도 아파서 비효율적이라고 생각할 수도 있지만, 일단 기억에 오래 남고, 한 번에 잘 외워집니다. 눈으로 외우는 것은 먼저 손으로 한 번 쓰면서 외운 뒤에 눈으로 보고 말하면서 외우는 것이 저에게는 효과적이었습니다. 제가 손으로 쓰기 귀찮아서 처음부터 눈으로 보면서 외우면 스쳐 지나가는 내용이 많아서 빠지는 내용이 생기고 중요하다고 표시된 부분으로 눈이 더 가기 때문에 전체적인 내용을 보기는 어려웠습니다. 하지만 손으로 정리해가면서 외우면 전체적인 내용을 자세히 보게 되고, 머릿속으로 정리도 잘 되며 나중에 눈으로 보며 말하면서 외울 때도 한 번씩 더 곱씹고 넘어가게 되니 기억에 오래 남게 됩니다. 그리고 중요한 것은 반복적인 학습입니다. 아무리 열심히 외웠어도 반복적으로 하지 않으면 결국 기억에서 지워지게 되고 앞으로의 학습에 걸림돌이 됩니다. 최근에 가장 잘 사용한 학습방법은 오답 노트입니다. 자격증 공부를 하면서 문제집에 있는 모든 문제를 외워야 했는데, 시험 날까지 별로 남지 않았다보니 짧은 시간을 최대한 효율적으로 사용해야 했습니다. 막대한 양의 문제를 어떻게 효율적으로 외울 수 있을까 생각하다가 오답 노트를 하게 되었습니다. 일반 오답 노트처럼 틀린 이유를 쓰거나 문제를 길게 쓰지 않고 아주 간결하게 적어서 정리했고, 공부하다가 헷갈리거나 추가적인 내용이 있으면 덧붙여서 외우는 방식으로 했습니다. 또한, 한쪽에 내가 보기 편한 정도의 내용을 담아 정리했습니다. 결과적으로 짧은 시간 내에 자신이 모르는 문제, 헷갈리는 문제만 계속해서 반복적으로 본 덕에 기억이 잘 남아 정말 많은 도움이 되어 위생사 합격을 할 수 있었습니다. "," 우선 교수님과의 친교가 많이 도움이 됩니다. 저희 학과 교수님과 면담을 할 때 내가 부족한 점이 무엇인지, 앞으로 나의 취업 방향을 잡는 것에도 도움을 많이 주시고, 또한 코로나로 인한 강의방식에서도 초창기엔 교수님들과 학생들 다 접해보지 않은 방식이라 시행착오가 있었지만 계속해서 교수님들께서 학생들에게 피드백을 받아서 노력해주신 덕분에 학생 입장에서 학습하는데 많은 도움이 되었습니다. 그리고 제가 자격증과 관련된 문제를 더 풀고 싶어서 교수님께 도움을 요청하였을 때도 흔쾌히 도와주셨습니다. 또한, 대회에 나갈 아이디어에 대해 어떠한지 자문을 구하였을 때도 교수님이 너무 친절히 부족한 저를 도와주셨고, 제가 자격증 시험을 칠 때도 항상 응원해주시고 기도하여 주셨습니다. 두 번째는 소규모 강의입니다. 학생들이 많지 않으니 강의 시간에 어수선하지 않아 더 집중할 수 있는 환경이고, 최근 자격증 관련 특강을 들을 때에도 교수님과 독대한 것처럼 강의를 들을 수 있어서 많은 도움이 되었습니다. 그리고 교수님과 학생들 간의 의견 소통이 잘 됩니다. 인원이 많지 않으니 의견을 하나로 모으는 것도 어렵지 않습니다. 예를 들어 교수님께서 코로나로 인한 대면, 비대면 수업이나 시험방식에 대한 의견을 물어보셨을 때도 의견취합이 잘 되었다고 생각합니다. 마지막으로 학생들과 친교입니다. 소규모 대학이다 보니 교양에서 친해지거나, 셔틀버스를 타면서 친해진 학생 등 아는 얼굴을 더 많이 마주치게 되고 만나기가 어렵지 않다 보니 학생들과의 친교를 더 오래 이어날 수 있게 도움이 됩니다. 또한, 다른 학과의 친구들의 학습 내용을 알게 되거나 정보를 주고받으며 학교생활 혹은 학습에 도움이 되기도 합니다."," 먼저 제가 가진 기독교적 가치관으로 인하여 준비된 자가 되어야 한다는 마음이 있습니다. 학교에서 어떤 프로젝트를 하거나, 공부할 때 힘들거나, 포기하고 싶은 마음이 들 때면 준비된 자가 되어야 한다는 제 가치관이 마음을 더욱 굳건히 만드는데, 채플을 들을 때 많은 목사님의 그 말씀들이 제 가치관에 힘을 불어넣어 주기도 하고, 동기부여가 되기도 합니다. 그리고 채플에 대한 소감문을 작성하며 자신에 대해 되돌아보는 시간을 가지게 될 때 다시 한번 마음을 다잡게 됩니다. 또한, 교수님들께서 저를 위해 기도하여 주심에 소명 의식과 책임감이 더욱 생겨서 제가 끊임없이 도전할 수 있도록 힘이 되어주셨습니다. 제가 기능사 자격증을 약 2년 동안 노력해서 최근에 결국 합격했는데, 그 과정에서 교수님들께서 계속해서 응원해주시고 기도해주신 덕에 정말 많은 도움이 되었습니다. 그리고 언제나 학생들의 앞길을 놓고 기도해주시는 교수님들을 만나게 된 것도 우리 대학이 기독교 대학이기 때문이라고 생각합니다. 

"," 제가 생각하기에 학습에 가장 중요한 사항은 학습목표, 학습전략, 학습성찰입니다. 우선 학습목표를 고른 이유는 뚜렷한 학습목표가 있어야 그 목표가 학습동기가 되어 끝까지 목표를 달성할 수 있도록 도움이 되고, 목표가 뚜렷하지 않으면 중간에 길을 잃거나, 포기하기 쉬워지기 때문입니다. 다음은 학습전략입니다. 사람마다 자신에게 맞는 전략을 세우는 것이 가장 중요합니다. 학습전략에 모두에게 맞는 답은 없으니 자신이 가진 장점을 이용하고 단점은 보완할 수 있는 전략을 세우는 것이 가장 좋습니다. 예를 들어 저는 단기 기억력이 좋아서 집중하면 어렵고 긴 내용도 한 번만 쓰거나 보면 외워지기도 합니다. 하지만 잠깐 보고 외우는 것은 완벽히 외우지 못한다는 것을 알고 쓰는 방법을 사용하고 있습니다. 또한, 저는 악필이라서 노트필기를 정성 들여서 하는 것은 시간 낭비입니다. 그래서 노트북이나, 아이패드로 공부하는 방법도 시도해보았습니다. 이런 식으로 자신에게 맞는 방법을 계속해서 찾아보는 것이 중요합니다. 그러면 더욱 효율적으로 학습이 가능합니다. 다음 학습성찰은 학습전략과 관련된 것입니다. 과목마다 문제형식이 다르다 보니 문제형식에 맞게 학습전략을 계획 할 수 있도록 학습성찰을 하여 다음 시험에 대비하고, 이번에 부족했던 점이 무엇인지, 어떻게 보완할 수 있을지 성찰을 하는 것은 학습능력을 발전할 수 있게 합니다. 추가로 학습시간은 앉아 있는 만큼 공부를 하는 것이 아니기 때문에 집중해서 효율적으로 공부를 하는 시간만 앉아 있고 나머지 시간은 휴식 시간을 가지는 것이 계속해서 학습하는 것에 도움이 됩니다. 또한, 유난히 공부가 안되는 날이라면 아예 쉬는 것도 방법입니다."," 제 학습방법은 학습내용을 전체적으로 정확히, 반복적으로 보는 것과 나에게 맞는 혹은 문제 출제 형식에 맞는 학습방법을 찾아내는 것에 집중하고 있습니다. 기초적인 방식이기 때문에 제 학습방법을 활용하시다 보면 자신의 장점을 발견하여 점점 자신에게 맞는 방법을 찾게 될 것입니다. 강의를 집중해서 듣는 것은 평소에 학습내용이 어려워서 전체적으로 정리가 안 되었던 학우분들이 활용하시면 적은 복습 시간을 사용해도 충분히 전체적인 내용 이해가 되도록 도울 수 있을 것입니다. 학습계획을 세우는 것은 평소에 즉흥적으로 계획 없이 공부하시는 학우분에게는 시간 관리가 되기 때문에 시간에 쫓기지 않고 학습할 수 있고, 더 많은 휴식 시간 혹은 더 충분히 공부할 수 있는 시간이 생기기도 합니다. 벼락치기를 하시는 분들이 활용하시면 짧은 시간 안에 좀 더 많은 내용을 학습하는 것이 가능해집니다. 처음에는 수기로 쓰고, 두 번째로 보고 읽으며 외우는 방법은 학습내용을 외워도 자꾸 쉽게 잊어버리거나, 아직 나에게 맞는 방법을 찾지 못하셨거나, 외우는 것을 잘 못 하시는 학우분들이 활용하시면 학습내용이 오래 기억에 남을 것입니다. 이유는 이 방법은 전체적인 내용을 두 번 자세히 보는 방법이고, 위의 첫 번째 방법까지 같이 하신다면 3번은 집중해서 학습내용을 보게 되는 것이기 때문입니다. 그리고 하다 보면 요령이 생겨서 점점 자신에게 맞는 방법을 찾아가게 될 효과도 기대됩니다. 또한, 자신이 공부하지 않은 부분이 시험에 자주 나온다고 생각하시는 학우분들이 사용하시면 전체적인 내용을 자세히 보게 되기 때문에 빠지는 부분 없이 학습이 가능하여 부족했던 학습량을 보완해줄 것입니다. 공부를 열심히 했는데 시험지만 보면 답을 잊어버리시거나 헷갈리셨던 학우분들도 제 학습방법을 통해 반복적으로 활용하시면 문제를 잘 푸는 데 도움이 될 것입니다. 마지막으로 오답 노트는 자격증 공부를 하고 계시는 분이 사용하시면 짧은 시간 내에 내가 모르거나, 헷갈리는 내용을 반복적으로 체크함으로써 효율적인 학습이 가능합니다. 특히 제 오답 노트 방법은 아주 간결하고 한쪽에 내가 편히 볼 수 있는 내용만큼 담는 것이기 때문에 복잡한 학습방법을 좋아하지 않는 학우분들이 활용하시면 간단하게 학습내용을 외우는데 도움이 될 것입니다. 



손으로 쓰면서 외운 노트 내용
오답 노트 내용

"
13,학생13,"      저는 매년 그 해당연도에 이룰 목표들을 중요한 몇 가지를 적습니다(이때, 목표는 학습의 목표이기도 개인적인 목표가 될 수도 있다.). 그 다음, 학교 일정을 기입하면서 중간고사, 기말고사 기간을 파악하고 제가 수강신청 한 과목들의 수업계획서를 보면서 과제와 시험공부를 할 수 있는 시간들이 어느 정도인지 시각적으로 문서와 다이어리를 보면서 머릿속에서 반년 동안의 학교생활을 그려봅니다. 
      학교생활이 머리속에 어느정도 그려지며 다이어리로 옮겨가 목표가 학업 이외의 영어공부, 자격증 공부할 시간과 분리하여 학습계획을 적어놓습니다. 그렇게 한 학기의 계획을 어느정도 세워 놓으면 세부적인 공부계획은 실행력을 높이기 위해서 한 주에서 두 주 정도씩 계획하도록 한다. 계획의 실행력을 위해서 매번 끝낸 과제에 체크표시로 완료를 표시하면서 수행시간을 적어 계획마다 실행했는지 적으면서 많은 시간을 투자하여 좋은 결과를 얻었다면 자신에게 격려를 그렇지 않다면 매 달 보충하도록 합니다.
      저의 2020년도의 목표는 직업상담사 필기시험 합격과 TOEIC시험 800점 이상이었고 2020-2학기 목표는 모든 과목의 A+를 받는 것이었습니다. 100% 성취하지 못하였지만, 한 과목(A) 빼고 모두 A+을 받았으며, 첫 TOEIC 시험에서 720점을 받았습니다. 완벽한 성취를 하지 못한 이유에 대해 분석해보니 전공에 치우쳐 교양에 신경쓰지 못하였으며, 과제, 출석보다는 기말시험 준비가 약했던 것으로 보여졌습니다. TOEIC 시험은 두번 시험보는 것을 계획하였으나 코로나가 터지면서 추가적으로 보지 못하며, 직업상담사 자격증 또한 응시를 못하게 되는 변수가 있었습니다. 대신에 LC에서 420점, RC파트 300점으로 영어문법 수업을 들으면서 부족한 RC파트 공부에 첫 토익시험이후에 집중하는 노력을 하였습니다.
      이렇게 목표와 함께 결과를 분석하고 부족한 점을 보충하기 위해 노력하고 다음해의 계획을 세울시에 참고용으로 이용하여 발전을 도모하고 있습니다. 이러한 2020-2의 계획과 결과에 따라 2021년도의 큰 목표는 석사입학이며, 이를 이루기 위해 첫째, 2021-1학기 이전 겨울방학에는 직업상담사 필기 공부를 하여서 3/7일 시험에 합격 실기응시자격을 따서 직업상담사2급 자격증을 취득하고 둘째, TOEIC 시험을 ‘온라인 토익’ 강의를 통해 모의 토익을 통하여 연습을 하고 실전에서 900점 이상을 10월 이전(석사 응시일 이전에) 받도록 하며, 셋째, 모든 과목에서 A+을 받을 것이며, 마지막으로 석사 지원의 필수인 ‘학업계획서’를 학기 중에 듣는 ‘연구방법론’ 강의를 통해서 작성을 완료하는 것이 세부적인 목표입니다.
      저는 이렇게 계획을 통해서 동기를 향상시키고 다이어리를 통해 시간관리를 하여서 주로 학습을 합니다. 부가적으로 학교에서 이루어지는 프로그램을 통해서 여러 가지 취업에 대한 정보를 얻고 전공프로그램을 들으며 여러 인증서를 받으며 대외활동으로 역량개발을 하고 있습니다. 
","     우리 대학의 가장 큰 장점은 소규모로 이루어져서 교수님들의 디테일한 조언을 쉽게 얻을 수 있다는 점입니다. 재입학 후에 여러 가지로 바뀐 학교 시스템을 적응한다고 정보를 얻을 곳들이 필요했는데 휴학을 오래 한 나머지 학교에 아는 지인들은 모두 졸업을 하여서 정보를 얻기란 쉽지 않았습니다. 그러나, 재입학 학생이 당시 한 명이어서 조교님께서 13학번인 저를 위한 졸업하기 위해 들어야 하는 과목들이라던지 처리해야 일들에 대해서 상세하고 친절하게 알아보고 전달해주셨습니다. 또한, 기독교 대학이라 모두에게 문이 열려있고, 제가 공부를 늦게 시작한 편이 아니라는 점 또한 학업을 이어가는데 많은 용기를 주었다고 말씀드리고 싶습니다. 
     학교에서 학생들의 다양한 활동을 위해 개최하는 프로그램들을 통해서는 자주 참석하는 친구들과도 친분을 조금씩 다지면서 조별 활동이 있는 프로그램도 두려움 없이 진행할 수 있었습니다. 이렇게 같은 프로그램을 들었던 친구들과 다른 프로그램에서 자주 만나 친분을 쌓을 수 있는 것도 우리 학교의 작지만 강한 커뮤니티라는 장점 덕분에 가능한 일이라고 생각합니다.
     따라서, 이러한 도움들과 프로그램 활동들로 인해 계속적이고 적응적인 학업생활을 이어갈 수 있었으며, 요즘 기업들이 바라는 인재상과 한국의 전반적인 흐름에 대해서도 익히면서 공부에만 집중하며 다른 걱정들을 덜을 수 있었던 것 같습니다.","     우리 학교가 기독교 대학이기에 모두가 늦음과 빠름없이 원한다면 공부를 할 수 있는 기회를 주며 저는 그 기회로 인해 학교생활을 이어갈 수 있었습니다. 그리고, 학습에 집중할 수 있도록 모두가 기꺼이 어려움에 있는 저를 도와주셨습니다. 이러한 환경을 보며 저는 진정한 “Love your neighbor the same as you love yourself.”를 경험하였습니다.     무엇보다도 마음으로 연결된 학교와 해외의 기관들과의 협력 프로그램인 ‘LST’을 통해서 좋은 인연인 미국친구를 만날 수 있었고, 프로그램이 끝난 지금도 영상통화를 통한 ‘Beginning of Bible’에 대해 공부하며, 서로의 의견도 나누면서 영어 회화 역량 강화에 많은 도움을 받고 있습니다. 프로그램이 끝난 이후에도 자신의 책임을 다해 저를 위해 성경에 대해 설명해주며 의견을 나눌 수 있는 기회를 준 미국친구도 하나님의 소명아래 믿음을 가지고 실천하는 자세를 가지고 있기에 이러한 지속적인 연결이 가능하다고 봅니다.
     그리고, 이러한 같은 마음을 가지고 저희 학교 학생들을 위해 기꺼이 강의를 나와 자신들이 가지고 있는 지식과 기술들을 알려주시기 위해 애쓰시는 많은 분들 덕분에 하나씩 배워가며 저의 것으로 녹여서 이용하며 학습에 많은 도움을 받고 있습니다.
","    저는 늘 작은 계획을 세우는 것도 좋지만 한해의 큰 목표들을 적고서 시작하곤 하는데요. 이때, 저는 목표를 ‘할 수 있을까?’하고 조금 갸우뚱한 느낌이 들 정도(불가능한 정도는 안됨.)의 높은 목표를 적습니다. 이러한 제가 할 수 있는 것보다 조금 높은 기준치의 목표는 저를 더욱 노력하고 성장하게 하는 동기를 유발해줍니다. 
     큰 목표를 세우고는 반년 치 학교 일정표를 적고 중간고사와 기말고사의 일정을 확인한 뒤 신청한 강의들의 학업계획서를 읽고 큰 그림을 머리에 그리며 어떻게 반년을 생활할 것인지 생각해보며 중요한 일정, 시험에 맞춰 기간을 크게 나누어 과제 기간, 공부 기간, 자격증, 그리고 영어 공부의 계획을 세워 다이어리에 표기해둡니다. 이것들이 제가 공부하는데 있어서 가장 중요한 사항이며 제일 먼저하는 일입니다. 
     그리고 성적이 나오면 목표에 얼마나 도달하였으며, 도달하지 못한 목표들은 왜 도달하지 못했는지 각기 항목의 성적을 보며 무엇이 부족한지 성찰하는 시간을 가지며, 좌절하기보다는 ‘다음에 더 잘하자! 그래도 한 과목외에 모두 목표치에 달성하였구나!’하며 성찰 이후, 스스로를 칭찬하며 자신감이 낮은 나를 위한 격려도 잊지 않고 하며 다음에 어떻게 시간표를 보충하고 부족한 점을 어떻게 보안할지에 대해서도 고민해보는 시간을 가지곤 합니다.","      저는 제가 13학년도에 학교에서 진행해주신 ‘바인더’ 프로그램을 통해 얻은 바인더 기술을 저에게 맞는 방법으로 다이어리로 바꾸어서 학업계획서로 사용하고 있는데요. 다이어리를 사용하려다 많이 실패하는 것을 보았습니다. 처음에 인터넷에 나오는 이쁜 꾸미기 다이어리를 기대하고 시작하면 실패합니다. 나의 손은 그들과 같이 훌륭한 꾸미기 실력이 없다는 점을 인지하고 나만의 표식으로 나만의 방식으로 개조하여 이쁨보다는 나의 나쁜 기억력을 도와주는 도우미 정도의 기대로 시작하시길 바라시며, 내가 얼마나 오늘 열심히 공부하고 몇 시간이나 공부했는지도 기록하면서 스스로 성취감을 느낄 수 있도록합니다. 그리고, 작심삼일이라고 쓰다가 한 달 안썼다 “에라이, 안해.”하시지 말고 안쓴 부분은 과감히 건너뛰고 다시 오늘부터 쓰시다 보면 어느새 습관으로 자리잡게 되실겁니다. 
      이러한 계획하는 습관, 기록하는 습관은 학습에 정말 많은 도움이 되며 어떠한 아이디어가 생각날때도 적어두면 나중에 학업계획서나 이력서, 자기소개서 작성에도 도움이 되기에 저는 다이어리를 추천합니다."
14,학생14,"고등학교 시절에는 학교에서 제시하는 커리큘럼을 따라 그저 따라 공부하고 학원에서 내주는 숙제에 맞추어 공부를 하여 나만의 공부법을 가지지 못했다.
대학교에 입학하고 그저 누군가 정해준 커리큘럼에 따라 공부한 나는 처음에 공부하기 되게 막막했다. 지금 제시하는 공부법은 대학교에 입학하고 공부하기로 마음먹고 여러 번 시도 끝에 만든 
나만의 공부법이다.
우선 첫째로 수업을 열심히 듣는 것이다. 어떻게 잘 듣는가? 가장 기본적인 것부터 하는 것이 예를 들어 지각하지 않고 출석하고 교수님이 수업하는 내용을 따라가는 것이다. 수업을 듣을 때 분명 사람마다 이해하는 차이가 있을 것이고 다른 사람과 모르는 내용이 다를 수 있다. 수업을 듣는데 있어서 가장 중요한 것은 내가 모르는 내용이 무엇인가?에 집중해서 듣는 것이다. 내가 모르는 내용과 교수님이 중요하다고 표현한 부분을 표시해둔다.
둘째, 수업을 들었다면 정리를 해야한다. 정리를 하기전에는 차례를 이용하는 것이 좋다. 우선 전체적인 흐름을 보아야한다. 뼈대를 세운다는 생각으로 단원명을 보며 아 이런 얘기를 하겠구나 하며 예상하며 차례를 되새긴다. 그다음 정리를 하는 것이다. 그 단원에서 모르는 것과 교수님이 강조한 내용을 내가 보기 편하게 정리한다. 이 부분이 정말 중요하다. 교수님이 강조한 내용은 이해하면 되지만 모르는 내용을 다시 공부할 때는 이해가 되는 부분이 있지만 다시 공부해도 도저히 모르는 내용이 나올 수있다. 나의 경우에는 우선 인터넷을 통해 최대한 정보를 모아 이해하였고 정보가 부족하거나 내용에 관해 정보를 찾을 수 없다면 교수님께 여쭙기도 하였다. 정보를 통해 
     공부하기 쉬운 형태로 편리한 노트를 만들면 좋다
셋째, 정리노트가 완성되었다면 이제 진정한 공부를 시작하면 된다. 암기 하는 것이다. 정리노트를 보며 그 노트를 내 머리 속에 넣는 다는 생각으로 공부하는 것이다. 세 번째 단계는 시간과 인내의 싸움이다. 오래 집중하고 오래 외울수록 점수에 반영되기 시작하는 단계이다. 외우는 방법은 나만의 방법을 만드는 것이다. 예를들어 공부를 할 때 소리로 읽으며 외우면 잘 외워지는 사람도 있고, 조용히 글만 보면서 외우는 사람도 있고, 손으로 쓰며 외우는 사람도 있을 것이다. 나의 경우에는 손으로 쓰며 외우고 읽으며 다시한번 되뇌인다. 많은 공부법이 있지만 내가 그래도 즐기면서 이 시간에 집중하고 오래 앉아 공부할 수 있는 방법을 찾는 것이 중요하다.",우리학교는 소규모로 카페나 휴게공간이 잘 마련 되어있다. 이런 학교 환경을 활용해서 공부를 한거 같다. 시험기간에는 휴게공간이나 열람실을 24시간 운영하여 시험전날 학교에서 친구들과 밤새서 공부하기 좋다. 교수님도 모르는 내용에 대해 친절히 가르쳐 주셔서 도움이 많이 되었다. 전공수업도 같은 전공 학생들과 들어 수업에 있어서 더 몰입이 되었다. ,공부하는데 하나의 목적이 생길 수 있을 것이다. 예를 들어 하나님의 자녀로서 내가 공부하여 이 세상에 선한 영향력을 끼칠 수 있을 것이라는 신념이 생겨 공부하게 될 수도 있다고 생각한다. 그리고 내가 공부한 지식으로 사회에 끼칠 영향력을 행사하는 데 있어 책임감이 생겨 더욱 신중해질 수 있을 것 같다.,"공부하는데 있어서 중요한 것은 공부에 대한 전략, 나의 마음가짐, 시간과 집중력인 것 같다.
우선 공부하는 것에 있어 가장 중요한 것은 내가 공부하는 데 시간을 얼마나 썼는가?, 얼마나 집중해서 나의 것으로 만들었나? 이다. 이것이 곧 공부하는데 있어서 전부이고 가장 중요하다. 다음 문제는 이것을 어떻게 해야 내가 시간을 많이 쓸 수 있을지 어떻게 더 집중할 수 있는지 이다. 이것이 이제 마음 가짐인데 내가 이 공부를 왜해야하는 지에 대해 알고 확신이 있다면 공부하는데 시간을 보내는데 있어서 더 효율적으로 집중하고 남는 공부를 할 수 있었을 것 같다. 정작 내가 이 공부를 왜해야 하는지 모른다면 공부하는 시간은 나에게 시간 낭비일 것이다. 우선 내가 하고 싶은 공부를 하는 것이 좋다. 그리고 다음 단계는 공부를 하는 전략이다. 내가 마음가짐이 아무리 좋고 그 시간을 집중하여 공부하기로 마음먹고 행하고 있다면 내가 그 시간을 얼마나 효율적으로 사용하고 있는 지 혹은 어떻게 효율적으로 사용할지에 대해서 고민 해보아야한다.
","나와 잘 맞지 않는 일, 내가 하기 싫어 하는 일등에 시간낭비를 하지 않게 되고 나의 흥미, 적성. 장점등에 맞추어 내가 하고싶은 공부, 나를 위한 공부를 더하게 될 것 같고, 공부하는데 있어 나의 공부법을 보고 자신만의 공부법을 만들어 다른 이들과 는 다른, 나에게 맞는 공부법을 하게 될 것이라고 생각된다."
15,학생15," 본인만의 학습법은 매번 시행착오를 겪으면서 약간씩 달라집니다. 올해는 19 코로나 사태로 인해 생에 처음으로 비대면 수업이 이루어졌는데 처음에는 많은 방황을 하였지만, 인간도 적응의 동물이라 하듯이 곧 상황에 적응하고 학습방법도 그에 맞는 방법으로 바꾸었습니다. 저번 학기에 예상치도 못하게 성적장학금을 받게 되었고 저의 공부방법을 다른 학우분들께도 공유하여 조금이라도 도움이 되고자 합니다. 저의 학습 동기는 '취업의 두려움'으로부터 시작되었습니다. 학년이 올라갈수록 취업에 대해 고민이 많아지면서 다양한 자료를 찾기 시작했습니다. 자료들을 보면서 학점의 중요성을 뼈저리게 느꼈습니다. 더 나은 환경에서 일하고 싶은 저의 욕심은 좋은 학점을 받도록 이끌었습니다. 저의 학습방법에는 '복습 Review',' 반복 Repeat', 'All in 1A4' [RRA]이 주요 포인트 입니다.  저는 예습보다는 복습에 더욱 집중하려고 노력하였습니다. 되도록 그날 배운 내용은 당일에 복습하려고 하였습니다. 당일에 다 못 끝낸 경우에는 그 주 주말을 활용하여 복습하였습니다. 하루에 배우는 양이 많아 일주일이라도 미루면 공부해야 할 양이 너무나 많아지기 때문에 일주일 안에 복습을 끝내려고 하였습니다. 복습할때 무작정 공부하는 것이 아니라 먼저 공부내용의 흐름을 파악하기 위해 소제목부터 읽으면서 큰 그림을 그리며 그다음에 자세한 부분을 공부하였습니다. 한 번의 복습을 끝내면 A4용지에 대표 단어를 적으면서 다시한번 환기시키는 시간을 가졌습니다. 저는 시험을 보기 전에 최소 3회독을 하고 시험을 보려고 노력했습니다. 처음에는 하나하나 세세한 부분까지 완벽하게 공부하려고 노력하였지만 이러한 방법은 시간이 오래 걸리며 효율적인 방법이 아니라는 것을 느끼게 되었습니다. 그래서 반복학습이 가장 효율적인 방법이라고 생각했습니다. 또한 수업내용을 완벽하게 외우려는 강박에서는 벗어나려고 하였습니다. 저의 욕심으로 다 외우려고 시작하였으나 이는 결국 저에게 많은 스트레스를 일으켰습니다. 전공 수업 개수도 많을뿐더러 수업내용도 너무 방대하여 이를 완벽하게 암기하는 것은 불가능하기 때문입니다. 위 두 가지 방법으로 공부 내용을 숙지했다면 이를 정리하는 것도 중요합니다. 많은 내용을 공부하면 내용이 정리가 잘 되지 않습니다. 그래서 공부한 내용을한눈에 보기 위해 'All in 1A4' 공부법을 만들었습니다. 이는 아래 사진과 같이 A4 1 용지 장에 배운 내용을 축약해서 정리하는 방법입니다. 밑에 보이는 사진과 같이 대제목을 쓴 다음 중제목을 이어서 쓰고 그에 대한 자세한 내용은 요약해서 정리하는 방법입니다. 이 방법을 사용하면 많은 내용을 한눈에 볼 수 있는 장점이 있으며 시험 직전에 전반적으로 정리하고 내가 어떤 부분을 모르는지 정확하게 파악하는 것이 가능합니다. 
  돌이켜보면 공부하면서 가장 중요한 것은 자신이 처한 현실을 정확하게 보는 것입니다. 저는 학업에 대한 욕심이 많아 계획을 세울  이행하지 못할 계획들을 나열하곤 했습니다. 하지만 나의 능력을 정확히 직시하고 타협점을 찾아야 합니다. 기억력이 좋지 않은 저는 복습과 반복 학습을 통해 공부한 내용을 장기기억으로 남기 위해 노력하였으며 이를 한 눈에 보도록 단순화하는 과정을 거쳤습니다. 혼자 공부하는 것이 힘들어하여 주변 친구들이 공부하는 모습을 보면서 자극을 받아 공부하였습니다. 저의 대표적인 3가지 공부방법에 대해 알려드렸는데 이 방법을 그대로 따라 하시는게 아니라 본인의 성향을 추가하여 본인에게 적합한 방법으로 수정한다면 더욱더 효율적인 학습 방법을 알아낼 수 있을 것입니다. ","  비록 KC 대학교는 규모는 작지만, 학생한테 제공하는 학업 활동과 학생들에 대한 관심은 부족한 점없다고 자신합니다 KC 대학교의 장점은 SGP 프로그램, 교수님과의 관계, 수업의 질입니다.  KC 대학교는 학생들에게 많은 프로그램을 제공하고 있으며 학생들의 참여를 독려하기 위해 SGP 시스템을 활용하고 있습니다. 이는 포인트 적립과 같은 개념으로 한 학기가 끝나면 포인트 점수에 따라장학금을 지원해 줍니다. 'Jump Up Study', '학습능력개발법'과 같이 학생들의 학업동기를 높여주는프로그램을 참여하여 학업에 대한 긴장감을 꾸준히 유지할 수 있어 좋은 영향을 받았습니다.  KC대학교 재학생들은 각자 지도교수님을 배정받습니다. 지도교수님과 한 학기에 최소 2번 상담을진행합니다. 교수님과의 상담을 통해 친밀한 관계를 맺을 수 있으며 학업적으로 어려운 부분이 있으면 거리낌 없이 교수님께 도움을 청할 수 있었습니다. 학업적인 문제뿐만 아니라 진로로 고민이 있으면 교수님과 함께 상담을 통해 해결하는 경우도 종종 있었습니다. 진로 고민이 잘 해결되는 더욱더 학업에 집중할 수 있었습니다. 또한 교수님의 무한한 애정을 받으며 학업에 대한 재미 또한 느낄 수있었습니다.   학교 규모는 작을지라도 학교에서 학생들에게 제공하는 수업의 질은 어느 대학과도 비교할 수 없을정도로 좋은 시설을 지니고 있습니다. 2020년에는 코로나 상황으로 인해 비대면으로 수업을 진행하였습니다. 자칫 수업의 질이 낮아질 수 있는 상황임에도 불구하고 교수님들의 질 높은 수업을 받을 수있었습니다. 또한 교수님들의 피드백이 원활하게 진행되어 학업에 막히는 부분이 없었습니다. 강의에서 모르는 부분이 있어 교수님께 질문드리면 교수님들께서는 세세하게 설명해주셨습니다. SGP 프로그램, 교수님과의 관계, 높은 KC 수업의 질은 대학교가 소규모 대학교이기에 더욱더 학업에집중할 수 있기에 가능한 일인것 같습니다.KC대학교는 저의 꿈에 다가가는 지름길이 되고 있습니다."," 비록 저는 무교이지만 KC대학교에 입학하면서 기독교에 대해 우호적인 태도를 가지게 되었습니다. 이로 인해 몇가지 바뀐 점이 있습니다. 자아성찰, 배움의 공동체의식, 사람간의 우호적인 태도입니다.
  학기 중에 매주 진행된 채플을 들으며 교수님들의 말씀을 들으며 저 스스로 자아성찰의 시간을 종종 갖곤 했습니다. 가장 기억에 남는 것은 시험공부로 많은 스트레스를 받고 있을 때 '진정한 행복'을 주제로 한 채플 시간입니다. 설교를 듣고 제가 추구하는 행복이 무엇이고 지금 나는 행복한가를 스스로 질문하면서 생각을 정리하는 시간을 가졌습니다. 또한 종종 교수님들께서 공동체 의식을 강조해주셨습니다. 제가 교내 기숙사 생활을 하면서 친구들과 함께 지내는 시간이 많았습니다. 교수님들의 좋은 말씀을 통해 친구들과 함께 공부하면서 서로 돕는 시간이 늘어났습니다. 고등학교 때에는 공부할 때 혼자 공부하는 것을 추구했으며 필기한 것은 다른 이들한테 보여주지 않았지만, KC대학교에 입학 후 다른 친구들과 함께 공부하는 것들이 자연스러워졌습니다. 이러한 따뜻한 마음가짐이 생기고나서 사람들과의 우호적인 태도로 변한 저의 모습을 볼 수 있었었습니다.
  KC 대학교에 들어와 기독교 정신을 배우면서 자아 성찰, 배움의 동동체 의식, 사람 간의 우호적인 태도를 배우며 학업적으로 ㅁ낳은 발저니 있어 좋은 경험을 하고 있습니다. ","  학습하려면 그전에 준비해야 할 몇가지 사항들이 있습니다. 준비가 제대로 된 사람이 효율적으로 공부할 수 있는 법입니다. 저에게 있어 학습하는데 중요한 사항은 크게 3가지가 있습니다. 공부하는 동기, 공부를 통해 내가 무엇을 이루고 싶은지, 스스로에 대한 이해가 필요합니다. 
  공부를 시작하기 전에 왜 내가 공부를 해야하는가라는 질문에 대한 답이 있어야 합니다. 학습 동기가 있어야지 중간에 포기하지 않고 끝까지 공부할 수 있습니다. 공부하는 것은 무척이나 어려운 일입니다. 공부를 열심히 하더라도 결과가 좋지 않은 경우가 있으며 공부의 결과가 눈에 보이는 것도 아니니 긴 시간 동안 공부하는 것은 나 자신과 싸움이기도 합니다. 따라서 자신과 싸움에서 이기기 위해서는 명확한 동기가 필요합니다. 중간에 포기하고 싶더라도 진실한 학습동기는 우리가 다시 공부를 시작할 수 있도록 만들어 줍니다.
   동기가 있으면 이제 목표를 잡아야 합니다. 명확한 목표가 있으면 공부에 대한 의미를 유지하게 하여 학습의 성과를 높일 수 있습니다. 예를 들어 '나는 책을 읽을 거야'라는 목표보다는 '올해 안에 전공관련 도서 5권을 읽을거야'야라는 목표가 실행 가능성이 큽니다.
  마지막으로는 자시에 대한 이해가 필요합니다. 나는 어떠한 성향을 가졌는지, 내가 진정으로 원하는 것이 무엇인지 등 자신에 대한 이해가 필요합니다. 그래야 자신에게 맞는 공부방법을 정할 수 있습니다. 아무리 다른 사람들이 말하는 공부방법을 따라해도 그 방법을 끝까지 이어나갈 수 없는 이유는 자신의 성향과 맞지 않기 문입니다. 
  내가 왜 공부를 하는 건가? 공부를 통해 무엇을 얻고 싶은가? 나의 성향은 뭐지? 이 3가지 질문에 대한 대답을 찾은 후 공부를 시작하면 더욱더 효율적으로 공부할 수 있을 것입니다. ","  이전에는 단순하게 시험을 잘 보기 위해서만 공부하고 시험이 끝난 후에는 공부한 내용을 잊어버리는 경우가 많았습니다. 당시에는 열심히 공부했는데 금방 잊어버리는 것이 아까워 저의 학습법을 바꾸었습니다. 앞서 말한 저의 '복습', '반복',' All in 1 A4' 학습법은 단술하게 시험을 위한 공부법이 아니라 학습 내용을 장기 기억으로 넣어 의미가 있는 공부법입니다. 특히 '간호사'사라는 직업이 취업 후에도 지금 하는 공부를 다시 해야 하는 경우가 많습니다. 그러니 머릿속에 오래 남기는 공부를 하기에는 제가 하는 방식이 저에게 가장 적합합니다. 저와 같이 단기 기억력이 약한 학우분들께서 저의 방법을 사용해 본다면 더 좋은 결과를 얻을 수 있을 것입니다. 
  공부하면서 제가 집중하는 부분은 '단순화'화입니다. 교수님께서 가르쳐주신 모든내용을 다 암기하면 좋겠지만 그것은 매우 힘드니 이를 단순화한다면 머리속에 잘 남을 것입니다. 'All in 1 A4' 학습법처럼 한눈에 배운 내용을 정리한다면 내가 부족한 부분이 어디인지, 어느 부분이 교수님께서 강조한 부분인지 정리가 가능해집니다. 꼭 저와 같은 방법을 사용하지 않더라도 '단순화'화를 기억하고 자신에게 맞는 공부방법에 적용한다면 자신에게 꼭 맞는 학습방법을 찾을 수 있을 것입니다. 감사합니다. "
16,학생16,"      공부를 시작하기 전 플래너를 작성하며 구체적인 학습 동기와, 어느 정도 양을 공부할 것인지 윤곽을 잡고 시작합니다. 작년에 3개월 정도 플래너를 작성하지 않고 공부한 적이 있는데 확실히 공부하는 양이 불규칙해지고 기록이 없으니까 불편한 점도 많았고 계획이 없는 상태였기 때문에 나중으로 미루는 등 불규칙적인 학습법으로 연결되었습니다. 확실히 플래너를 작성하게 되면 내가 이 공부를 왜 해야하는지 동기, 목표가 생기고 계획한 양은 끝내게 되니까 규칙적인 패턴으로 변하게 되었습니다. 타이머도 옆에 두고 시간을 체크하면 괜히 더 열심히 하게 됩니다. 
    실질적인 공부법을 소개하겠습니다. 저는 한 과목당 각 책을 3회독했습니다. 첫 번째로 읽을 때는 소리를 내서 연필로 체크하며 읽었습니다. 그리고 교수님께서 설명해주신 부분이나 내가 알고 있는 지식들을 곁들여서 앞에 학생들이 있다 생각하고 설명해주듯이 책을 읽었습니다. 두 번째에는 파란색 펜으로 줄을 그어 읽는데 소리 내서 읽지 않고 집중해서 읽습니다. 중요한 문장들이나 강조하신 문장들은 파란펜으로 줄을 그어줍니다. 마지막으로 읽을 때는 노란 형관펜으로 핵심 단어나 강조하신 단어 명칭 들을 칠해줍니다. 이렇게 하면 중요한 것들이 머리에 쏙쏙 들어오고 3회독을 했기 때문에 책 내용도 어느정도 익히게 됩니다. 시험 보기 전에는 마인드맵 같이 중요한 것들을 적고 그에 관련한 설명들을 말로 누군가에게 설명하듯 말합니다. 모르는 게 있다면 바로 책을 펴서 다시 확인 후 다시 설명해줍니다. 이런식으로 하고 나면 확실히 암기가 됩니다.
    두 번째는 노트 필기입니다. 저는 노트 필기를 정말 좋아하는 편입니다. 그래서 종강할 때 쯤 필기한 종이들은 셀 수 없이 많습니다. 그런데 그냥 노트를 사용할 때도 있지만 가능한 줄의 제약이 없는 무제 공책이나 모눈 노트를 사용합니다. 이렇게 하면 나만의 방식으로 보기 편하게 필기할 수 있습니다. 이해하기 쉽게 그림도 그려도 되고 가로로 필기해도 되고 다양한 방식으로 필기가 가능합니다. 현대 사회에서 노트 필기는 저희 삶에 많은 도움을 줍니다. 손으로 무엇인가를 한다는 게 기억력에 좋다고 합니다. 매일 아이패드나 노트북, 스마트폰으로 메모했다면 손으로 하는 노트필기를 추천합니다. 기억에도 훨씬 오래 남고 엄청나게 뿌듯함을 느낄 수 있습니다. 
    다음 팁을 더하자면 수업 내용과 연관된 내용들을 찾아 미리 다양하게 공부해두는 것입니다. 만약에 그날 수업 내용이 건강한 음식이었다면 각 재료들에 대해 검색하거나 몸에 좋지 않은 음식들도 찾아보고 어떤 원리로 건강해지는지 효능에 대해서 찾아보는 식으로 미리 다양한 상식으로 공부하는 것입니다. 시험에 100% 나온다고 확신하지 못하지만, 그래도 기본적인 상식이 더해진다면 답을 찾기 쉬울 것이고 서술형 답변에서도 술술 나올 것입니다. 
   코로나로 인해 카페 같은 곳에서 공부하기 힘들었는데 유튜브에 백색소음이라고 하면 굉장히 많은 카페나 도서관 등의 소리를 담은 영상이 많으니 집에서라도 그 영상들을 틀어놓고 하면 도움이 될 것입니다. 이렇게 4.5학점을 받을 수 있었던 방법 공유를 마치겠습니다. 

","      저는 소규모 대학 덕분에 학습하면서 여러 면에서 도움을 받음과 동시에 의지를 다졌고 감사한 점이 정말 많았습니다. 우선 첫 번째는 교수님과 학생의 친교 관계가 좋은 것입니다. 대략 한 과목 당 30명에서 50명 정도 수강하는 데 특히 모르는 게 생겼을 때 질문하기에도 편하고, 답도 빨리 얻을 수 있습니다. 또한 교수님께서 학생들을 기억해 주시며 잘 챙겨주시는 느낌을 많이 받아서 공부에 대한 의지도 불태웠던 것 같습니다. 소규모 대학이 아니었다면 학생들의 이름, 학과도 모른 채 그저 수강생으로만 기억되었을 것입니다. 
    두 번째는 비교과 프로그램입니다. 보통 프로그램 신청 인원이 100명 이하다 보니, 강사님과 학생들의 커뮤니케이션이 쉽고 활발하게 이루어졌습니다. 그래서 눈치 보지 않고 이것저것 참여할 수 있었습니다. 무슨 활동을 한다던지 발표를 한다던지 인원이 많다면 시간 제약 상 소수만 하고 질의응답 시간 보다는 내용에 중점을 둘 것이고 학생들이 직접 참여하는 기회가 줄어들텐데 저희 대학에서는 활동도 직접 참여할 수 있는 기회가 많았고 발표도 돌아가면서 한 번씩 하는 등 참여를 제대로 할 수 있어서 좋았습니다. 질의응답 시간도 활발하게 진행되는데 궁금한 점이 있었던 학생들의 질문들에 답을 주시니까 그만큼 얻어가는 것들이 많고 계속 직접 참여하다 보니 집중력도 향상되었습니다. 
    수업 시간 팀별 활동을 통해 협업 능력도 증진 되었으며 각 조당 인원이 많지 않게 편성 되다 보니 각자 의견을 말하기에도 쉬웠습니다. 무엇을 정할 때에도 빠르게 정해졌으며 시간이 급하지 않다보니 해당 조원들과 친해지는 경험등을 하는 등 여러 가지 장점을 느꼈습니다.","    저는 기독교로서 신앙에 있어 많은 도움을 받았습니다. 아무래도 채플 시간이 길지도 짧지도 않은 딱 적당한 시간이라서 틈틈이 학교 생활을 하며 또 공부하며 신앙 생활을 유지할 수 있었습니다. 평일에는 교회 가기도 힘들고, 일상생활 등을 하다 보면, 신앙심이 부족해지는데 채플 시간을 통하여 꼭 채플이 끝나고 기도를 드리며 마음을 다잡으며 삶에 대한 의지를 되찾았습니다.
   두 번째로 필수 이수 과목이었던 기독교의 이해 수업을 통해서 잘 모르고 있었던 부분에 대해서 제대로 배울 수 있었습니다. 그 수업에서 필요로 한 책을 구입한 게 정말 삶에 있어서 도움을 받았는데, 평소 궁금했던 신앙 이야기들이 가득 담겨 있는 책이었습니다. 코로나 시대에 부족했던 신앙심과 기독교적 가치관에 대해서 도움을 받았는데 하나님께서 마치 저에게 그 책을 읽으라고 하신 것 같은 느낌을 받았습니다. 힘들었던 저에게 한줄기의 빛처럼 그 책을 읽고 난 후에 기독교적 가치관이 다시 확립되는 경험을 했고, 열심히 기도를 드리며 하나님께 감사를 드릴 줄 알게 되었습니다. 모든 것에 열심히 임하자라는 동기부여가 되면서 다이어리도 작성하게 되었고 자기관리가 이루어졌습니다.
    마지막으로 감사일기를 작성하면서 작은 일에도 감사함을 느끼는 사람이 된 것입니다. 감사일기를 작성하는 프로그램에 참여하면서 일주일에 3번 씩 꾸준히 감사일기를 작성하였는데 작성하면 할수록 감사할 게 많다는 사실을 깨우친 것과 동시에 하나님께서 저를 사랑하신다는 것을 다시 한번 느껴 신앙에 많은 도움을 받았습니다. 감사합니다.  ","     전반적으로 학습하는 것에 있어서 제일 중요한 것은 학습동기라고 생각합니다. 무엇이 되었든 첫 스타트가 중요하다고 생각하는데 그럴려면 우선 자신이 왜 그 일을 해야하는지 동기가 있어야 한다고 생각합니다. 그래서 저는 플래너와 다이어리를 작성하며 학습동기를 제일 먼저 작성하며 시작합니다. 왜 해야 하는지를 알게 되면 세운 목표들을 이뤄야겠다는 의지가 생기고 스트레스도 확 낮아지게 됩니다. 왜 하는 지도 모르는 데 일을 해야 한다면 분명 ‘내가 왜 이런 걸 해야돼?’ 하며 스트레스를 받게 됩니다. 즉 효율이 떨어지게 되는 것입니다. 반드시 학습동기를 찾아야 한다고 생각합니다.
    다음으로 중요한 사항은 학습전략입니다. 학습시간보다 학습전략이 중요하다고 생각합니다. 아무리 많은 시간을 공부해도 아무 전략 없이 무작정 공부하는 것과 적은 시간을 공부 해도 전략적으로 하는 것. 둘 중 저는 후자라고 생각합니다. 자신에게 맞는 학습법을 찾아서 공략할 줄 알아야 합니다. 여러 가지 방법으로 공부해서 꼭 자신에게 효율적인 공부법을 찾아야 합니다. 
    마지막으로 중요한 사항은 자신의 의지라고 생각합니다. 자신에게 의지가 없다면 어떤 것이 되었든, 이룰 수 없습니다. 저는 공부를 잘해야지 생각에 그친 것이 아니라 미래를 위해서 내가 할 수 있는 것들은 최대한으로 준비해야지라는 좀 더 구체적인 이유들로 학습했습니다. 당연히 의지가 불타올랐고 힘든 시기가 찾아올 때는 기도로 이겨내며 의지를 다잡았습니다. 물론 환경도 중요하겠지만, 어려운 상황 속에서도 의지가 있고 긍정적인 마인드라면 이겨낼 수 있을 것입니다. 그러니 긍정적으로 사고하고 긍정적으로 대처하는 사람이 되도록 노력합시다. "," 옆 사진은 제 전공 책 일부입니다. 다른 학우들도 제
방법처럼 연필로 한 번 파란펜으로 한 번 형광펜으로 
한 번 읽으면 확실히 효과적으로 암기할 수 있을 것이
며 노트 필기를 손으로 직접 하며 자신의 기억력에도 
도움을 받을 수 있을것입니다. 특히 백색소음 같은 꿀
팁은 평소 카페나 도서관에서 공부해야 집중이 잘 되
는 사람들에게 이런 코로나 시대에 필요한 정보라고
생각이 되며 집에서 돈 들이지 않고 같은 효과를 볼
수 있다는 장점이 있습니다. 많은 학우들에게 도움이 되
길 소망합니다. 
"
17,학생17,"시대는 변화한다. 우리는 미래에 온라인으로 학습할 것을 꿈꿔오며 살아왔지만, 코로나로 인하여 그 시기가 앞당겨지자 우리 모두는 주춤했다. 코로나로 인한 갑작스러운 온라인 강의 외에도, 우리는 살아가며 다양한 변화들을 맞이하게 될 것이다. 그 변화들은 어쩌면 더 빠르게 다가올지 모른다. 따라서 우리는 이러한 변화에 맞설 준비를 해야 한다. 나는 이번 코로나로 인한 온라인 강의가 그 첫 시작이 될 것이라는 생각으로 변화에 대응하였다.

작년, 코로나가 시작되며 온라인 강의가 실시되었을 때, 큰 걱정이 앞섰다. ‘지금까지 정립해왔던 학습법이 과연 온라인 강의에서도 유효할까?’라는 걱정 때문이었다. 따라서 나는 코로나 시대(온라인 강의)에 맞는 새로운 학습법을 찾기 위해서 노력했다. 온라인 강의가 실시된 1년이라는 시간 동안 기존의 학습법을 온라인에 맞게 변화 시켜 나갔고, 그 방법은 효과적이었다.

첫 번째 방법은 필기이다. 필기는 온라인 학습 이전에도 내가 중요시 여기던 것이었다. 본인의 말투로 바꾼 필기로 공부하는 것은 효과적이라는 것을 알고 있었다. 온라인 강의가 시작되며 필기를 하기 더욱 쉬워졌다. 오프라인에서는 필기에 제한이 있어 모든 내용을 필기할 수 없었지만, 온라인에서는 시간을 되돌리며 모든 내용들을 필기할 수 있다. 따라서 강의의 모든 내용을 나의 말투로 바꾸어 필기해둔 뒤 효과적으로 공부할 수 있었다.

두 번째 방법은 반복이다. 온라인 강의는 오프라인보다 시간이 짧게 책정된다. 따라서 함축적인 내용들을 강의의 모든 시간 동안 다루고 있다. 따라서 잠깐이라도 방심을 한다면 강의의 흐름을 쉽게 놓칠 수 있다. 하지만 온라인 강의는 시간을 되돌릴 수 있다는 장점이 있다. 내용들을 이해될 때까지 반복해서 학습할 수 있고, 필기를 보충하며 학습할 수 있다. 실제로 나는 1시간으로 책정된 강의를 들을 때, 반복과 필기를 병행하며, 적어도 1시간 40분 이상의 시간을 할애하였다.



한글 파일을 활용한 필기
학년별 성적 추이
","우리 대학이 소규모 대학이기 때문에 학습에 도움이 되는 점은 첫 번째로, 같은 교수님의 강의를 많이 듣게 된다는 것이다. 따라서 교수님과 좋은 관계를 쌓고, 해당 교수님의 강의 성격, 시험 패턴, 평가 방법 등을 잘 파악한다면 이후 해당 교수님의 강의를 들을 때 훨씬 수월하게 학습할 수 있다. 앞선 강의에서 교수님에게 좋은 이미지를 쌓았다면 이후 듣는 강의에서도 교수님에게 눈에 띌 기회가 많아지기 때문에 강의 시간에 질문을 받거나, 앞장설 기회를 많이 얻을 수 있어 학습에 도움이 되었다.

두 번째로, 강의 경험을 공유할 수 있다는 것이다. 간혹 강의를 신청하였는데 내가 생각했던 내용과 차이가 있거나 수업의 방식이 나와는 맞지 않는 경우가 존재한다. 하지만 우리 대학은 소규모 대학이다 보니 내가 듣고 싶은 강의를 주변의 다른 학우들이 들었을 확률이 높다. 따라서 해당 강의가 내가 듣고 싶은 내용과 일치하는지 아닌지 확인할 수 있고, 강의의 구체적인 진행 방식이나 사례를 들음으로써 어떻게 학습할 것인지 전반적으로 준비해둘 수 있다.

세 번째로, 협업능력이 향상된다는 것이다. 우리 대학은 여느 대학과 마찬가지로 강의에서 조별과제를 수행할 일이 많다. 특히 우리 대학은 소규모이다 보니 학우들과 같은 강의를 듣게 될 확률이 높다. 또한 친한 친구가 아니더라도, 다른 강의에서 조별과제를 함께 했던 학우들과 만날 확률도 높다. 따라서 앞선 조별과제에서 나타난 각자의 장점들을 파악하여 각자의 역할을 배치하고, 이전에 나타난 실수나 잘못을 반복하지 않기 위해 노력하며 자연스럽게 협업능력이 향상되고, 학우들과의 관계가 형성되어 학습하는 데 도움이 되었다.","우리 대학이 기독교 대학이기 때문에 학습에 도움이 되는 점은 첫 번째로, 채플이 존재한다는 것이다. 나는 기독교인이다. 원래도 교회에 성실히 다녔지만, 학교에서도 채플을 통해 예배를 드릴 수 있어 학습 중간에 마음의 쉴 시간을 확보할 수 있었다. 또한 학습에서 오는 스트레스나 압박감을 조금이나마 내려놓을 수 있었고 마음의 큰 위안이 되었다.

두 번째로, 믿음이다. 앞서 말했듯이 나는 기독교인이기 때문에, 기독교 대학에 입학했다는 것은 내적으로 의지할 수 있는 존재를 바로 옆에 둔 것이나 다름없었다. 따라서 시간표를 설정할 때, 학습할 때, 과제를 행할 때 등 학교생활에 있어 한치 두려움이 없었고, 하나님께서 옆에서 도와주신다는 믿음으로 임할 수 있었다. 이는 나의 학습에 큰 도움이 되었다.

세 번째로, 받아들임이다. 나는 하나님께서 옆에서 도와주신다는 믿음으로 학습에 임하긴 하였지만, 사람이기 때문에 실패하는 때도 있었고, 나 스스로 만족하지 못할 결과를 얻기도 하였다. 하지만 이 모든 것이 주님의 뜻이라는 마음가짐으로 받아들일 수 있었고, 더 이상 과거에 얽매이지 않으며 앞을 향해 나아갈 수 있었다. 나는 주님의 뜻을 모두 알 수 없기 때문에 실패하더라도 더 큰 뜻이 있을 것이라 받아들이며 학습에 증진할 수 있었다.

마지막으로, 책임감이다. 나는 기독교인이기 때문에 모범적인 삶을 살아야 한다고 생각한다. 따라서 학습에 임할 때도, 비단 나의 이익을 위해서가 아닌 하나님이 명령하신 ‘모범’을 보이기 위해서 학습하였다. 이를 통해 학습역량을 기를 수 있었고, 자연스레 좋은 결과까지 얻을 수 있었다.","학습에 있어 가장 중요한 것은 목표설정이라고 생각한다. 목표가 없다면 학습을 할 마음가짐을 잡기란 쉽지 않기 때문이다. 나는 우선 학교를 졸업한 뒤 무엇을 할 것인지 뚜렷한 목표를 세웠다. 또한 해당 학기에 어느 정도의 성적을 얻을 것인지 추가적인 목표를 세웠다. 목표가 뚜렷한 상태에서 학습하는 것은 학습의 몰입도에 큰 영향을 미쳤고, 성적에도 많은 영향을 미쳤다. 나는 개인적으로 이루고자 하는 큰 목표와 그 목표에 대한 세부 목표를 함께 설정하였고, 목표가 세부적일수록 그 목표를 실현할 가능성이 높았다.

다음으로 중요한 것은 꾸준함이라고 생각한다. 아무리 좋은 목표가 설정되었다고 한들 그것을 이루기 위해 노력하지 않는다면 무용지물이기 때문이다. 따라서 목표를 구체적으로 이루기 위한 전략을 세우고 이를 하나씩 이루어나가는 것이 중요하다. 나는 개인적으로 일주일 치 학습량을 미리 계획하고, 하루하루 달성해야 할 학습량을 정하며, 그를 달성하기 위해 꾸준히 노력했다. 

마지막으로 학습에 있어 중요한 것은 잘 할 수 있다는 믿음이다. 우리는 사람이기 때문에 무너지기 쉽다. 따라서 우리는 자신을 믿어야 한다. 학생들이 자기주도 학습을 하며 쉽게 포기하는 이유는 실패할 거라는 두려움 때문이라고 생각한다. 이는 학습의 효과가 바로 나타나지 않기 때문이다. 따라서 나는 나 자신에게 믿음을 주기 위해 학습의 기록을 남기며 자기주도 학습을 진행하였다.","코로나로 인하여 학습 환경이 바뀌며 학습의 방법이 조금씩 변화하였지만, 큰 방법들은 변화하지 않았다. 필기, 반복 학습, 목표설정 등이 그러하다. 사실 나의 학습법은 모두가 말하는 기본적인 것들이다. 그렇지만 지켜나가기 힘들기 때문에, 스스로에게 꾸준한 동기부여와 단련이 필요하다.

내가 스스로 동기부여가 가능했던 이유는 뚜렷한 목표를 설정했기 때문이었다. 다른 사람이 나의 학습법을 적용한다고 했을 때도 마찬가지다. 뚜렷한 목표를 설정한다면, 스스로 동기부여가 가능할 것이고, 그 결과 꾸준한 자기주도 학습이 가능해져 원하는 성과를 이루어나갈 수 있는 기반을 마련할 수 있을 것이다.

또한 그러한 기반을 다져놓았다면, 이번의 코로나로 인한 변화와 같은, 환경의 변화 속에서도 쉽게 적응하여 학습할 수 있을 것이다. 즉, 앞으로 다가올 다양한 환경의 변화 속에서도 자신의 학습 방법을 발전시켜나갈 수 있다는 장점이 있다. 변화에 적응하는 방법을 터득하였을 때, 이후 다른 변화에 대해서는 더 빠른 적응을 할 수 있을 것이다.

나의 학습법은 어렵지 않다. 자신의 말투로 적힌 필기를 통해 반복해서 공부하는 것이다. 이를 꾸준히 해나가다 보면, 세부적인 사항들을 본인만의 학습 방법으로 변화시켜나가며 좀 더 본인에게 효과적인 학습법으로 만들어나갈 수 있을 것이다.

나는 이렇게 우리 대학에 점점 많은 사례들이 나타나, 많은 학우들이 그 사례를 참고하여 자신만의 학습 방법을 찾아 나갈 수 있기를 기대한다. 배움에는 뚜렷한 정답이 없기 때문에, 우리 KC대학의 모든 학우들이 본인만의 정답을 찾아 나가길 원한다."
