"title","press","body"
"[대선토론]홍준표 ""손 박사(손석희), 점잖더라. 시비도 걸지 않고""","이데일리","- 24일 대선후보 합동토론회 끝난 뒤 취재진에 전해- ""민주당은 동성애 합법환데 文은 반대라길래 2번 물었다""홍준표 자유한국당 대선후보가 25일 오후 고양시 일산동구 빛마루 방송지원센터에서 JTBC·중앙일보·한국정치학회 주최로 열린  2017 대통령 후보 초청 토론회에서 발언 하고 있다. (사진=연합뉴스)[이데일리 고준혁 기자] 홍준표 자유한국당 대선후보는 25일 “토론회 할 때마다 만족하고 안 하고 그렇게 하지 않는다. 있는 그대로 하지”라고 말했다. 홍 후보는 이날 열린 한국정치학회와 JTBC·중앙일보 주최 대선 후보 합동토론회를 마친 뒤 기자들에게 “오늘 손 박사(손석희 앵커)가 점잖더라. 시비도 걸지 않고 끝까지 점잖게 하던데”라며 이같이 전했다.홍 후보는 토론 중 문재인 더불어민주당 후보에게 동성애 관련 질문을 한 것과 관련, “민주당에선 차별금지법 내면서 동성애를 합법화시킨다고 하고 본인은 반대한다기에 뜻밖이다 싶어서 두 번 물어봤다”고 했다. 취재진이 “동성애 공격으로 문 후보에게 엄청난 비난이 나오고 있다”고 하자 “동성애는 반대를 해야지. 난 반대잖아”라고 했다.고준혁 (kotaeng@edaily.co.kr)＜ⓒ종합 경제정보 미디어 이데일리 - 무단전재 & 재배포 금지＞"
"[대선토론]“손석희 국민 추천받으면” “굳세어라 유승민” 말말말(종합)","이데일리","- 25일 JTBC 대선후보 제4차 TV토론[이데일리 김성곤 기자] 주요 5당 대선후보들의 4차 TV토론에서는 수많은 어록이 탄생했다.25일 오후 경기도 고양시 일산 빛마루 방송지원센터에서 JTBC·중앙일보·한국정치학회 주최로 열린 대선후보 TV토론은 손석희 JTBC 사장의 카리스마가 빛났다. 전반적으로 차분하고 진지한 분위기 속에서 토론이 이어지는 가운데 중간중간 유머가 끊이지 않았다. 때로는 각 후보별로 격론과 설전이 벌어지기도 했다. 문재인 더불어민주당·안철수 국민의당·홍준표 자유한국당·유승민 바른정당·심상정 정의당 후보의 주요 발언 중 가장 특징적인 발언을 모아봤다. 다음은 후보별 주요 발언△심상정 “굳세어라 유승민”심상정 정의당 후보 “굳세어라 유승민! 유 후보가 뜻한 대로 수구 보수를 밀어나고 따뜻한 건전 보수의 길을 가길 바란다.” (문재인 후보의 3자 단일화 질문에 유승민 후보가 “단일화는 없다. 후보의 뜻이 가장 중요하다”고 답변하는 모습을 보면서)△홍준표 “난 집에 갈 거다”홍준표 자유한국당 후보 “난 집에 갈 거다. 알아서 해라. 나는 집에 갈 거에요.”(토론 1부가 끝난 뒤 심상정 후보가 “밤새 (토론)해도 되나?”고 묻자 사회자인 손석희 JTBC 사장이 후보 5명이 모두 합의할 경우 “편성책임자는 아니지만 밤새 할 수 있다”고 말하자)△문재인 “손 사장이 사양 안했으면 좋겠다”문재인 민주당 후보 “도덕성, 개혁성, 대탕평, 대통합 관점으로 정부를 구성하겠다. 대한민국 드림팀을 구성하겠다. 구체적으로는 우리당 함께 경쟁했던 후보들과 함께하고 싶다. 국민추천제 하고 싶다. 혹시 손 사장이 국민추천 높이 받으면 사양 안했으면 좋겠다.” (사회자인 손석희 JTBC 사장이 대통령이 되면 내각인선 원칙을 밝혀달라는 질문에)△유승민 “문재인, 토론매너가 없다”유승민 바른정당 후보 “소요재원에 대해서도 분명히 못하면서 정책본부장이랑 토론하는 건 너무 매너가 없는 것이다. 토론 도중 정책본부장과 토론하라는 말을 취소해달라.”(문재인 후보의 일자리 81만개 창출 공약과 관련해 재원조달 방안을 놓고 논쟁을 벌이다가 문 후보가 ‘우리 정책본부장이랑 토론하라’고 목소리를 높이자)△안철수 “나부터 반성하고 미래만 이야기하겠다”안철수 국민의당 후보 “대한민국 미래를 결정할 시기에 과거 이야기만 했다. 나부터 반성하겠다. 오늘 토론부터 미래만 얘기할 수 있도록 할 것이다.”(이날 토론 모두 발언에서 ‘과거 이야기만 하다 끝난 TV토론회에 대한 국민의 실망감이 크다고 지적하며)김성곤 (skzero@edaily.co.kr)＜ⓒ종합 경제정보 미디어 이데일리 - 무단전재 & 재배포 금지＞"
"[열린마당] 가짜뉴스는 범죄… 중간 유포자도 처벌받아","세계일보","눈 뜨면 쏟아지는 정보의 홍수 속에서 우리는 언제든지 인터넷 기사를 통해 다양한 정보를 접할 수 있다. 그런데 요즘, 이러한 인터넷 기사를 가장한 허위 과장정보, 이른바 가짜뉴스가 판을 치고 있다.가짜뉴스란 외관상 언론기사인 것처럼 보이나 실제는 사실과 무관하게 작성된 기사를 말한다. 이러한 가짜뉴스는 언론기사를 가장해 소셜네트워크서비스(SNS) 등을 통해 순식간에 퍼져나가는 등 전파성이 강하다. 누구나 스마트폰 앱으로 간단하게 제작, 유포할 수 있다 보니 사안의 심각성을 간과해 더욱 문제다.실제 지난 미국 대통령 선거에서 ‘클린턴 후보가 테러조직인 이슬람국가(IS)와 연계돼 있다’, ‘교황이 트럼프 지지 선언을 했다’ 등 사실관계가 불분명한 정보가 확산되며 그 위력을 발휘했다. 영국 옥스퍼드대학 연구팀은 최근 프랑스 트위터에서 공유된 정치 관련 링크의 4분의 1가량이 잘못된 정보에 근거했다고 분석했다. 얼마 전 우리나라에서도 반기문 전 유엔 사무총장의 퇴주잔 논란이 불거지며 그 파급력을 실감했다.가짜뉴스의 최초 작성자는 형법(업무방해), 정보통신망이용촉진 및 정보보호 등에 관한 법률(허위사실명예훼손), 공직선거법(허위사실공표죄) 등에 저촉될 수 있다. 무심코 작성한 가짜뉴스가 부메랑이 돼 돌아오는 것이다. 처벌은 최초 작성자에 그치지 않는다. 중간 유포자 역시 처벌받게 된다.표현의 자유는 중요하지만 행위에 대한 책임 또한 따르므로 무책임하게 기사와 글을 배포해서는 안 될 것이다.김수헌·부산 해운대구 해운대로ⓒ 세상을 보는 눈, 글로벌 미디어 세계일보"
"[기고] 아이들에게 안전을 선물하자","매일신문","[손종국 대구달서소방서 예방홍보팀장] 주말이면 봄의 푸름을 만끽하려는 사람들의 발길이 공원과 산으로 향하는 계절이다. 그리고 가정의 달 5월이 다가오고 있다.안전이라는 단어를 한번 생각해봄으로써 우리 모두의 가정에 편안하고 행복이 가득한 5월이 되었으면 하는 바람이다. 지금부터 3년 전, 4월 16일은 잊을 수 없는 날이다. 우리는 세월호 유가족의 아픔과 고통을 영원히 잊어서는 안 될 것이며, 다시는 이와 같은 사고가 일어나지 않도록 국가적 안전망을 갖춰야 한다.2014년 4월 15일 오후 9시, 세월호가 인천에서 제주도를 향해 출발했다. 탑승자는 제주도 수학여행을 떠나는 경기도 안산 단원고 2학년 학생 325명을 포함해 교사 14명, 인솔자 1명, 일반 탑승객 74명, 화물기사 33명, 승무원 29명 등 모두 476명이었다.4월 16일 오전 8시 49분, 전남 진도군 앞바다의 조류가 거센 맹골수도에서 세월호는 급격하게 변침했고, 배는 곧 중심을 잃고 기울어져 표류하기 시작했다. 8시 51분, 단원고 학생이 119에 구조 요청 신고를 했다. 배는 침몰하고 있었지만 선내에서는 “이동하지 말라”는 방송이 연방 흘러나왔다. 9시 35분, 해경 함정 123정이 도착했다. 기관부 선원 7명이 승객을 버리고 탈출해 구조됐고 조타실 선원들도 뒤따라 탈출했다. 침몰 전까지 172명이 구조됐지만, 10시 30분께 침몰한 이후 단 1명도 구조되지 못했다.검찰이 수사를 통해 사고 원인을 발표했지만, 참사 발생 원인과 사고 수습 과정 등에 대한 의문은 참사 후 3년이 지난 지금도 현재 진행형이며, 정부에서도 세월호를 인양하여 실종자 수습과 각종 의혹을 밝히려는 노력을 계속하고 있다.세월호 사건을 계기로 안전 컨트롤 타워 역할을 하는 국민안전처가 신설되었으며, 현재 대선 후보마다 국민의 안전이라는 단어가 포함된 공약들이 다수 있는 것으로 안다.국민의 안전은 국가가 책임져야 한다. 새 정부가 들어서면 심도 있는 토론과 분석을 통한 안전 정책이 구현되어 세월호 같은 사건이 다시는 발생하지 않는 안전한 나라가 되었으면 하는 바람이다.5월 5일은 어린이날이다. 부모들은 이맘때가 되면 아이들에게 무슨 선물을 할까 늘 고민이다. 대부분 장난감이나 게임기를 사주는 사례가 많은데 가격도 저렴하지 않아 선뜻 집어들기도 어렵다. 한 번쯤은 어린이날 우리 아이들에게 안전체험이라는 선물을 하면 좋지 않을까 하는 생각이다.팔공산(대구 동구 팔공산로 1155)에 가면 대구시민안전테마파크 안전체험관이 있다.1관에는 지하철안전체험장, 생활안전체험장(CPR, 지진, 소화기 등), 미래안전영상관(4D), 방재미래관, 2관에는 옥내소화전체험장, 농연 및 완강기체험장, 모노레일체험장(대구도시철도 3호선), 야외에는 야외 전시`체험(소방차량, 교통안전 등), 야외 놀이터, 운동시설(족구장, 풋살장), 문화`집회(야외무대), 부대시설(안전상징조형물) 등이 있어 가족 나들이하기에 좋은 활동 공간이다.그리고 5월 5일 두류야구장에서는 매일신문사 주최 어린이날 행사가 있으며, 여기에서도 달서소방서가 실시하는 소화기체험, 심폐소생술체험, 각종 소방장비전시체험 등 소방안전체험을 할 수 있다.자녀들에게 안전체험 교육을 시키고, 안전의 소중함을 일깨워주는 것은 자신의 생명 보호는 물론, 자녀가 성인이 되어서도 여러 사람의 생명을 살릴 수 있는 토양이 된다. 다가오는 어린이날을 전후해 반드시 온 가족이 안전체험을 해보자.     가족과 함께하는 안전체험을 통해 모든 시민들이 편안하고 행복이 가득한 가정이 되길 희망한다.ⓒ매일신문 - www.imaeil.com"
"[경제 칼럼] 산업혁신 리더 대망론","매일신문","경북고 졸. 고려대 경제학. 미 조지아주립대 경영학 석사. 미 앨라배마대 대학원 경영학 박사. 산업연구원 연구원. 계명대 경영학 교수. 계명대 경영대 학장. 경영대학원 원장[권업 대구테크노파크 원장] 기업 경쟁력 향상 위해 혁신적 발상기술개발·시장개척에 열정적 승부경쟁 기업들에게 혁신의 씨앗 제공대구시 8대 미래전략과제서도 기대지난 23일 대구시는 민`관 협의체인 ‘미래산업육성추진단’에서 8대 미래전략과제를 확정하고 산업융합네트워크를 통한 새로운 협치경제 모델을 구축 운영하기로 했다. 미래전략과제는 저성장 기조가 장기화하면서 떠오르고 있는 4차 산업혁명을 선점하기 위한 대구시의 의지이자 미래산업 분야이다. 1990년대 김대중정부 이래 지역전략산업, 광역선도사업, 경제협력권 및 지역주력산업 육성사업 등 지역산업발전계획에 의해 지역별 신산업 육성에 매진하여 왔으나 그 성과는 지역민들의 공감을 얻지 못하고 있다. 국내외 시장에서 성공 가능성이 높은 산업군을 지방자치단체별로 선정하여 지역별로 중복되었거나 빈번한 전략산업의 변동과 다수의 산업 선정으로 지역 내 역량 분산, 지자체보다는 중앙정부 주도적 지역산업 육성정책 추진으로 지역 자생적인 기술혁신생태계 공고화 미흡 등 여러 정책적 측면의 반성이 제기되고 있으나 진짜 알맹이는 다른 데 있는 듯하다. 무대 위에 여러 출연자들은 보이는데 정작 주인공은 아직 보이지 않는 것이다.산업혁신 리더란 유명한 기업가를 뜻하는 말이 아니다. 시간과 비용을 들여 지역발전에 헌신하는 시혜적인 기업가는 더더욱 아니다. 그들은 자신의 기업이 속한 산업의 개념을 재정립하고 실천에 의해 명확한 발전 비전을 제시하는 사람들이다. 자기 기업의 경쟁력 향상을 위해 혁신적 발상을 하고, 과감한 실천을 통해 산업 내 역할 모형이 되고, 경쟁 기업들의 모방적 혁신을 통해 산업혁신의 씨알을 제공하는 사람들이다. ‘작은 고추가 맵다’는 속담처럼 작지만 강한 기업으로, 끈질긴 연구`개발을 통해 세계 수준의 독자 기술력을 확보한 황철주 주성엔지니링 대표는 중소기업이 대부분인 우리 지역 기업인들이 눈여겨봐야 할 산업혁신 리더이다. 1995년 창업한 벤처 1세대로 국내 대표적인 반도체 장비업체인 주성엔지니어링은 지난해 전년 대비 50% 이상의 매출 성장을 하고 디스플레이 분야로까지 진출하고 있다. 2천억원이 넘는 매출을 오로지 스스로 개발한 기술과 대기업에만 의존하지 않는 마케팅으로 달성한 그들의 성공은 기업가적 열정과 도전정신이지, 정부의 공짜 지원에 의한 것이 아니다. 현재의 모습만으로 영원한 성장산업이란 결코 있을 수 없다. 단지 끊임없는 혁신에 의해 성장의 기회를 포착하고 창조할 때만이 성장산업이 될 수 있다. 과거 성공 방식에 집착하는 기업에는 쇠퇴만 있을 뿐이다. 교토의 그저 그런 화투 제작사에서 세계적인 게임기 제조기업으로 거듭난 닌텐도의 야마우치 히로시 같은 세계적인 기업가들이 갖고 있는 공통점은 상상력과 샘솟는 호기심에 의한 사고의 유연성에 있는 것이다. 또한 이들 산업혁신 리더들은 본질적으로 열정적인 인간형들이다. 큰 이익을 내기 위해 기술개발이나 시장개척 자체에 열정적으로 승부를 걸지, 작은 돈벌이를 위해 경쟁 제품과 별다르지 않은 제품을 밀어내기식으로 판매하는 데는 열을 올리지 않는다. 2015년부터 대구테크노파크가 매년 발표하고 있는 ‘대구TP Blue Chips 100’은 재무구조가 건전한 대구 소재기업의 3년 평균 매출성장률 순위로 2016년의 경우 1위 기업이 3년 평균 77.3%, 100위 기업이 9.2%의 매출성장률을 기록하고 있다. 2년 연속 선정된 기업이 30개사나 된다. 한마디로 최근 욱일승천하는 기업들이다. 이들 고성장 기업 중에서 장기간 누락하지 않고 연속 선정되어 지속 가능 성장 궤도에 오른 기업 중에 산업혁신 리더의 후보가 나오리라 믿는다. 이들은 독자 기술력 등 경쟁자가 모방하기 어려운 핵심역량의 확보로 소위 ‘선점자의 이익’을 바탕으로 한 장기 고성장을 누리기 때문이다. 이번에 대구시에서 발표한 8대 미래전략과제 분야에서 산업혁신 리더가 하루빨리 출현하기를 대망한다. 한 명의 혁신 리더는 산업 전체의 분위기를 바꿀 수 있다.ⓒ매일신문 - www.imaeil.com"
"[여론마당]“재수가 없어서” 음주운전하고도 떳떳","강원일보","도로교통공단 교통사고분석시스템 자료에 의하면 2013년도 한 해 교통사고로 숨진 한국인은 5,092명으로 하루 평균 13명이 목숨을 잃고 있으며 OECD 34개 회원국 가운데 꼴찌 수준을 면치 못하고 있다.경찰청 통계에 의하면 2015년도 음주운전으로 인한 교통사고 발생건수는 2만4,399건으로 그중 사망자 수는 583명, 부상자 수는 4만2,880명으로 나타나고 있다.음주운전 교통사고로 죽거나 다친 사람이 하루 119명이나 된다는 얘기다. `달리는 살인무기'라는 얘기가 여기서 나오는 것이다.경찰은 한 생명이라도 피해당하는 것을 방지하기 위해 음주운전 단속을 강화하고 있다. 그러나 적발된 대부분의 사람은 “재수가 없어 걸렸다. 지역에서 봐줘도 되지 않느냐”며 오히려 경찰을 원망하고 폭언을 일삼기도 한다.음주운전은 `달리는 살인무기'라는 경각심으로 단 한 명의 음주운전자가 없기를, 또한 음주운전으로 인한 단 한 사람의 피해자도 없기를 기대해 본다.박승호 고성경찰서 경무과장·경감"
"[관풍루] 경산 총기 강도, 농협 털기 위해 한 달 전부터 6차례 사전 답사 후 범행","매일신문","[매일신문] ○…북한, 미·중 강력한 압박에 25일 군 창건 기념일에도 핵실험 하지 않고 그냥 넘어가. 겁을 집어먹는 걸 보니 완전한 ‘막가파’는 아닌 모양이군.○…경산 총기 강도, 농협 털기 위해 한 달 전부터 6차례 사전 답사 후 범행. CCTV가 거미줄처럼 깔린 한국에서는 ‘완전범죄’란 있을 수 없지.○…일본, 2017년 판 외교청사(백서)에 ‘독도는 일본 고유의 영토’라며 도발적인 내용 기재. ‘떼쓰는 아이’도 아니면서 시도 때도 없이 억지를 부리는 이웃나라.ⓒ매일신문 - www.imaeil.com"
"[대선토론]劉·洪 ""전술핵, 北 억제효과"" VS 文·沈 ""불가능""(종합)","이데일리","- 劉 ""北, 즉각 핵 공격 당한다는 두려움 갖게 돼""- 洪 ""91년 한반도 비핵화, 北으로 깨져…균형 이루자는 것""- 文 ""美도 싫어해""…沈 ""한미동맹은 비핵화 동맹이 대전제""25일 오후 고양시 일산동구 빛마루 방송지원센터에서 JTBC·중앙일보·한국정치학회 주최로 열린  2017 대통령 후보 초청 토론회에서 더불어민주당 문재인 후보, 자유한국당 홍준표 후보,국민의당 안철수 후보, 바른정당 유승민 후보, 정의당 심상정 후보가  토론을 하고 있다. (사진=연합뉴스)[이데일리 고준혁 기자] 범보수 진영인 홍준표 자유한국당 후보와 유승민 바른정당 후보는 TV토론에서 북핵 위협 등에 대비하기 위해 ‘전술핵’(국지전에서 사용되며 전선에서 적을 궤멸시키거나 전세를 역전시키기 위해 쓰이는 핵)을 재배치해야 한다고 주장했다. 반면 문재인 더불어민주당 후보와 심상정 정의당 후보는 이에 반대했다.◇劉·洪 “전술핵 재배치하면 北 두려움 갖게 돼”한국정치학회와 JTBC·중앙일보 공동 주관으로 25일 진행된 ‘대선후보 합동토론회’에서 유 후보는 전술핵에 대한 개념을 자세히 설명하며 도입 필요성을 강조했다. 유 후보는 “전술핵은 90년대 말 미군이 빼가서 지금은 없다”며 “나토(NATO. 북대서양조약기구)가 전술핵을 가지고 있다”고 전했다. 이어 “지금의 북한 핵미사일 위협이 이렇게 심각할 때 우리가 할 수 있는 것은 2개”라며 “사드 (THAAD·고고도미사일방어체계) 등으로 북의 핵 공격을 막는 것에 실패하면 미국이 핵 보복 공격을 할 텐데 전술핵을 한반도에 두면 북한이 즉각 핵 공격을 당한다는 두려움을 갖게 된다”고 주장했다. 유 후보는 또 “전술핵을 재배치하되 제가 대통령이 되면 절대 이것을 구체적으로 말 안 하겠다”며 “NCND(긍정도 부정도 하지 않는 것) 정책으로 가겠다”고 밝혔다. 홍 후보는 “유 후보가 국방위원장까지 했으니 전술핵 도입한다는 것을 국민이 충분히 알아듣게 자세히 설명해라”며 전술핵 재배치에 동의한다는 뜻을 내비쳤다.◇文 “핵우산 보호 받고 있어…美도 반대”문 후보는 홍 후보와 유 후보에게 “두 분 다 전술핵 배치를 주장하는데 지금 우리의 북핵에 대한 대비는 미국 핵우산의 보호를 받는 것 아니냐. 이른바 확장억제라는 것”이라며 “미국도 전술핵 배치 안 된다고 강력히 반대하는데 우리가 극구 주장해서 전술핵을 들여오겠다는 건가”라고 반대했다. 그러자 유 후보도 “된다 안된다는 협상에서 하는 것”이라며 “사드도 처음에 미국이 원했지만 박근혜 정부 3년 동안 3노(No)로 일관하다 안 된 것”이라고 대응했다. 문 후보가 “핵우산을 못 믿어서 전술핵을 해야 한다는 건가”라고 하자 홍 후보는 “91년도 한반도 비핵화 선언을 자꾸 (전술핵 배치 반대) 이유로 대는데 이미 북한에 의해 깨졌다”며 “북핵을 외교로 억제 못 한 게 20년이다. 이제 핵의 균형을 이뤄야 한다는 것”이라며 ‘협공’했다◇沈, 劉에 “전술핵으로 공포균형 이야기…기본 안 돼 있다”.심 후보도 전술핵 논란에 뛰어들었다. 심 후보는 유 후보에게 “전술핵을 도대체 어떻게 배치하겠다는 건가”라며 “나토는 핵 동맹이고 한미동맹은 비핵화 동맹이다”라고 지적했다. 이에 유 후보가 “한미동맹이 비핵화 동맹이란 건 어디에 근거한 것인가”라고 따지자 심 후보는 “비핵화 동맹이 아니라 한미 간 비핵화라는 것은 대전제로 합의된 사항”이라고 맞섰다. “전술핵 배치는 실현 불가능하다”라고도 못 박았다. 심 후보는 “북한 핵은 전략핵인데 전술핵으로 공포균형을 이야기 한다”라며 “기본이 안 돼 있다”고 질타했다.고준혁 (kotaeng@edaily.co.kr)＜ⓒ종합 경제정보 미디어 이데일리 - 무단전재 & 재배포 금지＞"
"[만평] 문 후보님, 동성애 입장에도 '파란' 일으키세요 ","오마이뉴스","문재인, 25일 JTBC 대선 토론서 ""동성애 반대"" 발언해 '논란'[오마이뉴스계대욱 기자] ▲  동성애도 파란을 일으키세요! ⓒ 계대욱저작권자(c) 오마이뉴스(시민기자), 무단 전재 및 재배포 금지☞ 이 기사 응원! 자발적 유료 구독 [10만인클럽]☞ 모든 시민은 기자다! [오마이뉴스 기사 더보기]☞ 페이지 좋아요! 공식 [페이스북]"
"[곽금주의심리카페] 혼족의 미학","세계일보","미술감상 하듯 나만의 시간이 주는 만족 / 나홀로에 너무 빠지면 정신건강에 나빠혼자 밥을 먹고 혼자 술을 마시는 혼밥, 혼술족에 이어 요즘은 혼행(혼자 여행), 혼영(혼자 영화), 혼클(혼자 클럽), 혼놀(혼자 놀기) 등 혼족이 급격히 증가하고 있다. 이를 위한 상품도 개발되면서 솔로이코노미 산업이 확산되고 있다. 가장 큰 원인은 고령 인구 증가, 젊은 층의 결혼 기피로 인해 1인가구가 이전보다 늘어났기 때문인 것으로 보인다.인간은 사회적 동물이다. 집단생활을 추구하고 집단에 소속되고자 하며 사람들과의 관계를 맺으려 한다. 사람 간의 관계는 외로움을 잊게 해 정신 건강에 도움이 된다. 관계가 좋은 사람은 노화도 더디고 더 오래 산다고 한다. 그럼에도 혼자 시간을 보내는 사람이 늘고 있는 것이 다른 사람과의 관계가 잘 안 되기 때문만은 아니다. 혼자만의 시간이 가지는 매력도 크기 때문이다.혼자만의 시간을 갖는 것은 다른 사람의 직접적인 요구에서 해방되고 사회적 압력을 감소시키며 자신의 정신적·물리적 활동을 자유롭게 선택하게 한다. 즉 다른 과도한 자극, 부담스러운 자극으로부터 자신을 보호할 수 있다. 단지 누군가 같은 공간에 존재한다는 사실 하나만으로도 우리의 행동 범위가 좁아지게 된다. 전시회에서 미술작품을 감상할 때를 생각해보자. 작품 앞에 나 혼자 있을 때는 그 작품에 마구 빠져들 수 있다. 그러나 다른 사람이 그 그림을 감상하기 위해 접근하게 되면 그 순간 방해를 받게 되고 자신과 그림만의 공간은 없어진다. 내가 방해가 되고 있는 것은 아닌지 타인을 신경 쓰게 된다. 나만의 모드에서 타인과의 상호작용 모드로 바뀌게 된다.타인 속의 나를 확인시켜주는 주변 사람과 환경에서 배제되므로 혼자만의 시간은 자아성찰로 자연스럽게 이어진다. 자기가 누구이며 무얼 좋아하는지 등 자기개념을 확실하게 해준다. 불안정했던 내 모습에서 안정된 자아정체감을 확립하게 된다. 무엇을 해야 하고 어떻게 살아가야 할지에 대한 성찰이 일어난다. 그래서 복잡했던 문제가 여러 사람들로부터 조언을 받는 때 보다 더욱 분명하고 선명하게 해결되는 경우가 있다.또한 혼자만의 시간은 현실의 틀에서 벗어나 여러 상상과 환상을 불러일으킨다. 상상속의 자신의 다양한 모습을 그려볼 수 있다. 새로운 나의 모습도 발견하게 되면서 자기개념이 바뀌는 자기변형도 가능하다. 이로 인해 이전의 내가 아닌 더 발전적인 나로 만들어 갈 수도 있다. 그런 상상의 경험은 더 많은 생각과 아이디어를 만들어 내면서 때로는 창의적인 발상으로까지 이어질 수 있다.그래서 혼자만의 시간은 유익할 수 있다. 단 혼자의 시간을 지나치게 가지는 것은 문제가 될 수 있다. 타인과의 시간과 나만의 시간 간의 안배가 중요하다. 적절한 비율을 유지해야 한다. 주중에 사람들과의 관계가 많았다면 온전한 자신만의 주말을 보내는 것도 좋다. 반대로 주중에는 혼자의 시간이 많았다면 사람들과 같이 하는 주말을 계획해 봐야 한다.다음 주 긴긴 연휴가 기다리고 있다. 미처 다른 계획을 못 세웠다면 혼자만의 시간을 가져보는 것은 어떤가. 혼자 영화도 보고 밥도 먹고 가까운 곳을 여행해보는 것이다. 오롯이 혼자만의 시간은 많은 것을 가져다 줄 것이다. 다른 사람과 함께하는 즐거움만큼, 혼자만의 충만함도 즐길 수 있는 휴식이 됐으면 싶다.곽금주 서울대 교수·심리학ⓒ 세상을 보는 눈, 글로벌 미디어 세계일보"
"[경제초점]강원도 향후 20년의 이정표","강원일보","박성호 한국은행 경제조사팀장최근 `국가는 왜 실패하는가'라는 책을 읽었다. 대런 애쓰모글루 MIT대 교수와 제임스 로빈슨 하버드대 교수가 경제발전에 성공한 국가들과 실패한 국가들의 차이를 광범위한 역사적 사례를 바탕으로 비교, 분석한 책이다. 이 책에서 저자들은 경제 발전에 가장 필요한 것은 기후, 천연자원, 국민성, 종교, 지리적 위치 등이 아니라 국민들의 노력과 재능을 최대한 이끌어내는 제도를 갖추는데 있다는 것을 다양한 실례를 통해 보여주고 있다.영국은 중세까지만 하더라도 유럽 변방의 섬나라에 불과했다. 그러나 여러 차례의 정치혁명을 통해 왕족과 귀족이 독점하던 권력을 자본가, 노동자들과 공유함으로써 사회적 갈등을 최소화하고 경제 발전에 필요한 더 많은 인적자원을 확보할 수 있었기 때문에 영국이 산업혁명 이후부터 20세기 초반까지 세계경제의 패권을 가질 수 있었다고 저자들은 이야기한다.미국 역시 이미 식민지 시절부터 정착민들의 정당한 이익을 보장하는 제도를 확립했고 독립 이후 이를 한층 강화해 자신의 능력과 노력만으로 성공이 가능하다는 `아메리칸 드림'을 구현함으로써 현재와 같은 세계 최강국의 위치에 올라설 수 있었다. 즉, 계급, 인종, 종교 등의 이유로 모국에서 불가능했던 성취가 미국에서는 가능했기 때문에 세계 여러 지역의 유능한 인재들이 미국으로 몰려들었고, 이것이 미국 경제 발전의 원동력으로 작용했다는 것이다.반면, 남아메리카 국가의 경우 자원이나 기후 측면에서 미국보다 우월한 위치에 있었음에도 불구하고 식민지 시절부터 존재했던 착취적 제도가 현재까지 남아 있어 경제 발전에 실패했다고 저자들은 언급하고 있다. 강원지역 경제는 우리나라 경제와 비교해 볼 때 상대적으로 낙후돼 있는 것이 사실이다. 낙후의 원인으로는 열악한 교통망, 정치력 열세, 군사·환경상 각종 규제와 이로 인한 제조업 발전 미흡 등이 꼽히고 있다. 물론 이러한 이유들이 지역경제 부진에 많은 영향을 미친 건 사실이지만 강원경제의 현재 상황을 이들에게만 전가할 수만은 없을 것 같다. 경제 발전을 위해서는 이런저런 물리적 환경보다는 사회 구성원들의 경제적 열정과 능력, 이를 조화롭게 조정하는 제도 구축과 사회적 합의 달성이 더욱 중요하기 때문이다. 영국, 미국, 일본, 이스라엘, 대만 등 경제적으로 번영한 나라들과 훌륭한 자연조건에도 불구하고 경제적 곤궁에서 벗어나지 못하고 있는 남아메리카와 아프리카 소재 국가들의 차이는 바로 이 점에서 나타나는 것이다. 최근 도내에서는 `강원비전 2040'을 설정하는 작업이 한창이다. 강원도가 향후 20년 동안 가야 할 이정표를 세우는 일이다. 비록 `강원비전 2040'이 법적 강제성을 갖는 것은 아니지만 지역경제 구성원들의 뜻을 하나로 모으는 구심적 역할을 할 수는 있을 것이다. 아무쪼록 `강원비전 2040'이 150만 도민, 150만 출향강원인, 그리고 강원경제에 관심이 있는 모든 이의 열정과 재능을 강원경제 발전으로 승화시키는 계기가 됐으면 하는 바람이다."
"[야고부] 자폭 개그","매일신문","[김해용 논설위원 kimhy@msnet.co.kr] 흥부전에는 저 유명한 형수의 시동생 폭행 장면이 등장한다. 양식 좀 달라는 시동생을 형수가 밥주걱으로 때리고 흥부는 뺨에 묻은 밥알을 떼어먹었다는, 웃기면서 슬픈 사연이다. 배곯음을 이토록 해학적으로 묘사한 소설이 동서고금에 또 있을까. 궁상 리얼리즘의 극치다. 그런데 여기 다른 플롯이 있다. “계세요?” 대문 두드리는 소리에 놀부 처가 물었다. “뉘시오?” “형수님! 나, 흥분돼요.” “뭐라? 이런 잡놈이….” 전대미문의 시동생 구타 사건은 결국 오해에서 비롯됐다는 스토리다. “흥부인데요”라는 말을 “흥분돼요”로 잘못 알아들은 형수가 성적 모욕감을 참지 못해 주걱찌검을 했다는 것이다. 물론, 사실이 아니라 웃자고 하는 소리다. 밑도 끝도 없이 ‘흥분돼요’ 유머를 거론한 것은 요즘 장안의 화제인 자유한국당 홍준표 대선 후보 ‘돼지 흥분제’(돼지 발정제) 파문 생각이 나서이다. 선거 과정에서 가혹한 검증을 누구도 피할 수 없지만, 철없던 시절 친구의 성폭행 기도를 돕기 위해 돼지 발정제를 동원했다는 고백이 엄청난 악재가 될 줄 그는 미처 몰랐을 것이다. 하긴 누가 묻지도 않았는데 자서전을 통해 밝힌 내용이니 저질 네거티브라고 항변하기도 궁색한 노릇이다.‘돼지 발정제’는 ‘조미료 탄 사이다’와 함께 우리 사회 남성들이 성(性)에 대해 가진 대표적 미신이자 그릇된 마초이즘(남성우월주의)이다. 전문가에 따르면 돼지 발정제와 조미료 탄 사이다의 성적 흥분 효과는 없다. 요힘빈이라는 물질이 주성분인 돼지 발정제는 동물의 교감신경을 선택적으로 억제한다. 정확한 용량 계산 및 개체 민감도를 고려하지 않고 요힘빈을 투약하는 것은 돼지에게도 위험하다. 특히나 사람에게 쓰다가는 중추신경계와 심장 손상으로 사망에 이르게 할 수도 있다. 또한 조미료 탄 사이다는 그냥 맛이 이상한 사이다일 뿐이다. 돼지 발정제나 조미료 탄 사이다를 여성에게 먹여 욕심을 채워보겠다는 발상은 아무리 철없던 시절의 행동이라고 해도 용인할 수 없는 성범죄다.대선 정국, 특히 토론회에서의 공방을 보면 웬만한 예능 프로 뺨친다. 국민의당 안철수 후보는 누가 묻지 않았는데 “내가 갑철수냐?” “MB 아바타냐?”라고 뜬금없이 물어 국민에게 웃음을 선사했다. 거의 자폭(自爆) 개그 수준 아닌가. 정치인 때문에 개그맨 설 자리가 줄어든다는 말이 나오는 것도 무리가 아니다. 대선 토론, 흥행도 좋지만 감동이 있었으면 좋겠다.ⓒ매일신문 - www.imaeil.com"
"[사설] 직원 임금 떼먹고도 사업주는 떵떵거리며 사는 사회","매일신문","[매일신문] 임금`퇴직금을 고의로 체불하고도 번질나게 해외여행 등을 다닌 악덕 기업주가 구속됐다. 고용노동부에 따르면 구미시에서 한 휴대폰 케이스 제조업체를 경영해오다 지난해 폐업한 A씨는 근로자 67명의 임금`퇴직금 15억5천만원을 주지 않다가 적발돼 최근 사법 처리됐다. 그가 임금을 체불한 이유는 돈이 없어서가 아니다. 정작 자신과 가족은 흥청망청 돈을 썼다. 그러고도 땀 흘려 일한 직원들의 월급`퇴직금은 나 몰라라 한 것은 기가 막힐 일이다. 드러난 A씨의 악덕 행위는 공분을 사기에 충분하다. 그는 수시로 공금에 손을 댔다. 부인 성형 수술비, 해외여행 비용, 아들 사업자금, 사채 변제 등 회사 공금은 아예 쌈짓돈이었다. 원청업체로부터 납품비를 모두 받고도 당국 조사에서는 “일부만 받았다”고 속였다. 임금을 떼먹기 위해 온갖 거짓말과 추잡한 수법까지 동원한 것이다.   문제는 A씨 사례처럼 기업 활동을 빙자해 반사회적인 악행을 서슴지 않는 기업주가 적지 않다는 점이다. 구미공단 내 일부 중소기업의 경우 직원이나 친척 명의로 회사를 쪼갠 후 폐업과 법인 신설을 반복하는 사례도 나타나고 있다. 세금 문제를 피하거나 근로자 임금`퇴직금 부담을 줄이기 위해 비정상적인 수법을 동원하는 것이다. 최근 재산을 빼돌려놓고 지방세를 장기 체납해온 기업주 등이 무더기로 적발된 것도 예사롭지 않다. 우리 사회를 위태롭게 하는 임금 체불과 탈세 문제가 사실상 위험 수위에 도달한 것이다. 한국의 임금 체불이 우리보다 경제 규모가 훨씬 큰 일본의 10배에 달한다는 통계다. 지난해 임금을 받지 못한 전체 근로자가 약 32만 명으로 체불 규모는 1조4천억원으로 나타났다. 불경기를 핑계로 월급을 주지 않아도 된다는 잘못된 인식을 가진 사업주가 적지 않고, 회사 사정이 나쁘지 않은데도 임금 지급을 미루는 사례도 있어 상황이 매우 심각하다. 임금 체불을 아무렇지도 않게 여기는 악덕 기업주가 갈수록 늘고 있다는 점에서 더는 비난만 하고 넘어갈 문제가 아니다. 재산을 끝까지 추적하고 응분의 대가를 치르도록 해야 한다. 건강하고 정상적인 사회 분위기를 만들기 위해서라도 당국은 체불 문제에 엄히 대처해야 한다.ⓒ매일신문 - www.imaeil.com"
"[사설] 국가정책 바꾼 팔 이식 수술 성공, 의료도시 대구 도약대다","매일신문","[매일신문] 보건복지부는 최근 ‘장기 등 이식윤리위원회’를 열고 손과 팔을 장기이식법 관리 대상에 포함하기로 결정했다. 이로써 그동안 법적으로 모호했던 팔과 손 이식 수술의 법적 근거가 마련됐다. 앞으로 장기 기증과 이식도 국가가 관리하게 됨에 따라 공여자 찾기가 더욱 수월해지게 됐다. 이는 대구의 더블유(W)병원과 영남대병원의 의료진이 지난 2월 전국 처음 실시한 팔 이식 수술의 성공에 따른 일이다. 이번에 정부의 뒷받침을 이끌어낸 대구 의료진의 팔 이식 수술 성공은 도전과 경험이 쌓여 거둔 결실이기에 더욱 값지다. 수술 성공과 정부 지원 정책 결정은 더블유병원 의료진이 10여 년 쏟은 관심과 노력의 결과 덕분이다. 이 병원은 팔과 손, 다리 등의 미세수술 분야의 특화된 의료기술 터득에 나섰다. 특히 팔 이식 수술은 지난해 2월 대구시 의료 신기술 1호로 지정받기에 이르렀다.첨단 의료복합단지 조성과 의료관광 활성화 같은 의료정책으로 의료 특화 도시로의 도약을 꿈꾸는 대구로서는 고무적인 일이다. 이미 대구는 경북대병원의 모발 이식 수술로 우수한 의료기술을 인정받기도 했다. 또 대구는 과거부터 어느 곳보다 훌륭한 의료 관련 대학과 병원 등 풍부한 인프라 구축 덕분에 많은 의료 인력을 다른 곳으로도 배출하며 지역 의료계의 전통과 명성을 이어갔다.  정부가 이번에 손과 팔을 국가관리 대상으로 포함하는 결정을 내림으로써 앞으로 보다 많은 환자들이 도움을 받게 됐다. 이번처럼 이식 수술을 위해 의료기관이 직접 기증자를 찾아 동의를 구하는 등 번거로운 절차와 불편함을 덜 수 있어서다. 실제로 이번에 성공한 수술도 팔 공여자를 찾는데만 1년이나 걸렸다. 시일을 다투는 까다로운 수술임을 감안하면 안타까운 현실이 아닐 수 없다.대구 의료기술의 진일보는 환자와 지역, 나라에 도움될 일이다. 수도권과 지방의 의료서비스 격차 완화와 지역 의료계의 선순환적 신기술 개척 참여 분위기 조성에도 도움이 된다. 이는 대구 의료계의 경쟁력 강화로 이어져 미래 대구성장 동력의 디딤돌 같은 축이 될 수 있다. 대구 의료계의 땀과 이에 걸맞은 대구시의 관심과 지원은 마땅하다.ⓒ매일신문 - www.imaeil.com"
"[기고]성공올림픽, 이제는 조직위가 나설 때","강원일보","김태동 강원연구원 부연구위원IOC '올림픽' 용어 남용 금지국민 관심도 35% 붐업 난항공적인 목적의 사용 요구해야 앞으로 289일! 2018평창동계올림픽 개막일까지 남은 기간이다. 이제 코앞으로 다가왔다. 스포츠 학자로서 테스트이벤트의 성공 개최를 위해 주말을 반납하고 올림픽 성공 개최를 위해 고생한 정부와 조직위, 강원도와 개최지 관계자분들에게 감사의 마음을 전한다. 하지만 올림픽 관련 관계자 및 기관의 노력에도 불구하고, 올림픽에 대한 관심과 열기가 전 국민적 공감과 참여로 이어지지 못하는 것이 실로 안타깝다.   최근 문화체육관광부가 실시한 평창동계올림픽과 패럴림픽에 대한 여론조사에 의하면, 국민의 55.1%만이 평창올림픽이 성공적으로 개최될 것이라고 응답했다. 올림픽 관심도도 35.6% 수준에 그쳤다. 성공 개최의 가장 중요한 요건이 개최국의 국민적 관심이라는 측면에서 보면 다소 불안감이 앞선다.관심이 저조한 이유는 무엇일까? 국정농단 주역으로 일컬어지고 있는 최순실의 올림픽 관여, 대통령 탄핵과 대선국면 등 외부적 환경에서 그 원인을 찾을 수도 있다. 하지만 올림픽 홍보전략 부재라는 내부 요인이 그 주된 원인이라고 생각한다.  며칠 전 모 방송국 뉴스 프로그램에서 `올림픽을 올림픽이라 부를 수 없는 평창'이라는 타이틀로 보도된 내용이 이를 대변한다. 동계올림픽의 성공적 개최를 위해 `국민적 관심과 참여'가 중요하고 또 시급하다는 의견은 이미 오래전부터 관련 포럼과 세미나에서 제기되었다. 특히, 2016년 10월13일 개최된 2018 평창동계올림픽 지식재산 보호 세미나에서는 올림픽 홍보를 위해 조직위의 역할을 강조하고, 이를 위한 구체적 방안도 제시한 바 있다. 그 구체적 예가 2010밴쿠버조직위원회가 건의하고 IOC가 승인한 `로컬스폰서'다. 이는 지역 주민들이 올림픽에 경제적 주체로 참여하는 것을 제도화한 것이다. 결국, 올림픽은 IOC 규정에 매몰되는 것이 아니라 개최국 조직위의 역할이 매우 중요하다는 것을 방증하는 것이다.IOC가 내세우고 있는 올림픽 헌장 Rule 40 규율인 `올림픽 브랜드의 남용 금지'는 존중돼야 한다. 막대한 물적·인적 예산을 지원하고 있는 TOP스폰서(후원사)를 보호하기 위해서는 필요한 조치다. 하지만 이 규율은 공적인 영역에서는 탄력성을 발휘할 필요가 있다. 공적인 영역에서조차 `올림픽'이라는 용어 자체를 사용하지 못하기 때문에 붐 조성에 한계를 가져왔고, 이는 전 국민적 관심과 참여의 저조로 이어지고 있다. 지금도 늦지 않았다. 올림픽 브랜드를 공적 영역에서 사용할 수 있도록 해야 한다. 이는 IOC의 승인이 필요한 사항이며, IOC와의 협상은 2018평창동계올림픽조직위의 몫이다. 강원도도 조직위와 긴밀한 협력체계를 구축해야만 한다. 공은 조직위에 있다. 경기를 잘 치르는 것도 중요하다. 하지만 이는 전문적 영역인 종목별 연맹 및 협회에서도 잘 할 수 있다. 수많은 국제대회를 유치하고 개최한 경험이 있기 때문이다. 새삼 강조한다. 그동안 쌓은 노력이 헛되지 않도록 정부와 조직위 그리고 강원도는 2018평창동계올림픽 붐업을 위해 최선의 노력을 경주하자. 특히, 조직위의 적극적인 노력이 필요한 시기이다."
"[매일희평] 선거벽보 훼손!!","매일신문","[김경수] [매일희평] 선거벽보 훼손!!ⓒ매일신문 - www.imaeil.com"
"[세사만어 世事萬語] 법언(法諺)","매일신문","[김교영 편집국 선임기자 kimky@msnet.co.kr] “하늘이 무너져도 정의는 세워라.” 독일 철학자 임마누엘 칸트가 남긴 말이다. 예전에 법대 학생들은 이 말을 귀에 딱지가 앉도록 들었다. 지난해 12월로 기억된다. 김수남 검찰총장이 대검찰청 확대간부회의에서 ‘박근혜`최순실 게에트’ 수사를 마무리하면서 칸트의 명언을 인용했다. 중대 사건을 지휘한 검찰총장이 깊은 고심 끝에 내놓은 소신 발언이었다. 3월 10일, 헌법재판소는 전원 일치로 박근혜 대통령을 파면했다. 이후 박 전 대통령은 구속됐고, 지난 17일 기소됐다. 하늘은 무너지지 않았다. 직전 대통령도 법 앞에서 평등하다는 것을 보여줬다. 정의는 세워졌다고 할 수 있다.  법의 형평성과 공정성을 얘기할 때 자주 인용되는 법언(法諺)이 있다. 법불아귀(法不阿貴). 언뜻 들으면 불경에 나오는 말처럼 들린다. 하지만 엄격하고 깊은 뜻을 가진 법언이다. 현대적으로 표현하면, ‘법은 권력에 아부하지 않는다’라는 의미. 중국 전국시대 한비자(韓非子)가 외저설(外儲說) 유도(有度) 편에서 역설한 내용이다. 해당 문장은 이렇다. ‘법은 신분이 귀한 사람에게 아부하지 않고, 먹줄은 나무가 휘었다고 해서 구부리지 않는다.’(法不阿貴 繩不撓曲`법불아귀 승불요곡)‘박근혜`최순실 게이트’와 관련, 몇몇 법언들이 사람들 입에 오르내리고 있다. 법언은 법에 관한 격언을 말한다. 주로 법의 원칙이나 법철학을 설명한다. 법조인이 가져야 할 마음가짐을 강조하는 법언도 있다. 귀에 익숙한 법언 하나 소개한다. ‘권리 위에 잠자는 자는 보호받지 못한다.’ 자신의 권리는 스스로 지켜야 한다는 뜻이다. 사법 체계의 대원칙이다. 학창 시절, 법대생 친구에게 이 말을 처음 들었을 때 솔직히 거부감이 앞섰다. “법이 그렇게 냉랭해도 되는가, 법을 모르는 사람은 법의 보호를 받지 못한다고?” 이 법언은 독일의 법철학자 루돌프 폰 예링의 저서 ‘권리를 위한 투쟁’(1872년)에 나온다. 예링은 자신의 권리를 적극 주장하는 것이 법과 정의를 지키는 시민의 의무라고 본 것이다. 책 제목에서 알 수 있듯이, 그에게 법의 생명은 투쟁이다. 그는 시민들이 투쟁 속에서 스스로 권리를 찾아야 한다고 역설했다. 주권 의식과도 일맥상통한다. 촛불집회는 그런 측면에서 예링이 강조한 잠든 권리를 되찾기 위한 ‘법적 투쟁’이었다.시민들이 지난겨울 차디찬 광장 바닥에서 힘들여 쟁취한 권리는 5월 9일 대선에서 완성될 것이다.  어제(4월 25일)는 제54회 법의 날이었다.ⓒ매일신문 - www.imaeil.com"
"[문화도민 칼럼]하나 된 함성 하나 된 열정","강원일보","선우미애 시인우리는 개성 없이는 살 수 없을 만큼 사람이 가지고 있는 독특한 것을 중요시 생각한다. 이것은 개인들 간의 차이가 중요하다는 것을 말한다. 이와 같이 개성이란 각각 개인이 저마다 지니고 있는 그 사람만의 성격이라고 말할 수 있겠다. 우리는 일상에서 특정한 개성을 자연스럽고 즐겁게 받아들이는 다양성을 가깝게 인식해야 한다. 이처럼 타인의 행동과 의도를 마주할 때, 그마다의 개성을 인정하고 개인의 편차를 다양성으로 받아들이는 것이 보편적 성향에 호소돼야 함을 알 수 있다.  얼마 후면 대한민국 우리 강원도 지역에서 세계인이 뒤섞여 실력을 가늠하는 자리가 펼쳐진다. 각각의 개성을 가지고 한 방향을 향해 성공률 높은 움직임을 할 것이다. 여러 해 동안 창의적이고 개성 있는 노력을 통해 쌓은 다양한 방법이 어떻게 하면 성공적 기대치에 다다를 수 있을까? 어떻게 하면 세계인의 눈의 초점을 평창으로 모을 수 있을까를 고민해야 할 때다.  이것은 뿔뿔이 흩어진 혼자만의 노력으로는 절대적으로 할 수 없는 일이다. 각각의 개성이 모인 함성이 있어야 한다. 각각 다름의 의견이 있다손 치더라도 이제는 한 곳의 꿈으로 같은 방향을 바라봐야 한다. 얼마만큼 빠른 속도로 달려가는 것이 중요한 것이 아니라 같은 시선으로 같은 방향을 향해 나아간다는 것을 인지하고 세계인의 관심을 잡아끌 때이다. 이제 2018년 평창동계올림픽이 일 년도 채 남지 않았다. 뜨거운 여름과 함께했던 리우올림픽의 마지막 순간을 기억하며, 다시 눈앞에 생생히 펼쳐질 평창올림픽의 순간들이 가슴에 벅차오른다. 평창올림픽의 뜨거운 심장 속으로 전 세계인의 다채로운 축제가 열릴 것이다. 평창올림픽의 슬로건은 `passion, conneted'라고 한다. passion은 올림픽의 정신과 한국의 뜨거운 열정을 의미하고, conneted는 평창의 새로운 시작과 세계의 조화를 표현한다고 한다. 지금까지 준비해 온 뜨거운 열정에 각각의 개성을 가진 다양성을 조화롭게 화합해 세계인이 함께 기름을 부어 평창 올림픽의 성화가 활활 타오를 수 있기를 바라는 마음이다. 동계올림픽 개최 기간 동안 지역 주민은 물론 문화도민 및 국내외 관광객들이 함께 참여해 평창동계올림픽의 축제가 세계적 유산으로 남길 바라는 마음이다."
"[법정에서 만난 세상]영화 `공정사회'와 범죄피해자의 권리","강원일보","정아영 춘천지법 판사 영화 `공정사회'는 딸을 성폭행한 범인을 피해자의 엄마가 40여일간 끈질기게 추적한 끝에 범인을 직접 잡은 실화를 바탕으로 만든 영화입니다. 위 영화에서 보험설계사 일을 하는 평범한 엄마(장영남 분)는 2003년 어느 날, 초등학교에 다니는 딸이 어떤 남자에게 성폭행당한 것을 알게 됩니다. 엄마는 아이를 입원시키고 사건의 해결을 위해 경찰에 신고했습니다. 담당 경찰(마동석 분)은 아이의 잘못을 묻는 듯한 질문을 계속 합니다. 아이는 기억하기도 싫은 일을 회상해 진술하는 과정에서 더 상처가 깊어졌습니다. 결국 엄마가 직접 범인을 추적해 잡아 응징한다는 내용입니다. 2017년의 우리 사회가 마련하고 있는 범죄피해자를 위한 보호 및 지원제도에는 어떠한 것들이 있을까요? 과거에는 형사피의자 또는 피고인의 권리에 치중해 형사사법시스템이 발전해 왔으나, 비교적 근래 들어 범죄피해자의 권리, 특히 성범죄나 아동피해자 보호에 관한 연구들이 활발하게 진행돼 상당 부분 제도화됐습니다.  이를 위 영화 속의 상황과 비교해 소개하고자 합니다. 첫째, `공판에서의 영상물 활용' 등 성폭력 피해 아동을 위한 제도가 마련됐습니다. 성범죄로 인해 피해를 입은 아동을 보호하는 것은 형사사법 절차를 통해 범인을 밝혀내고 처벌하는 것만으로는 충분하지 않습니다.  오히려 피해 아동 자신에게 정작 필요한 것은 범죄로 인해 입은 육체적·정신적 피해를 치료하는 것입니다.  그런데 위 영화에서와 같이 오히려 조사 과정에서나 공판 절차에서 피고인이나 피고인의 변호인의 공격적인 반대신문으로 인해 피해 아동에 대한 2차 피해가 발생하는 경우도 더러 있었습니다.  이에 가능한 한 조사횟수를 줄이고, 공판 절차에 피해 아동을 일률적으로 출석하도록 강제하는 것을 막기 위해 공판 절차에서 수사기관에서 촬영한 영상물을 증거로 쓸 수 있도록 했습니다. 둘째, 진술조력인제도가 도입됐습니다. 아동 진술의 경우 상상과 현실이 혼동되거나, 암시성 질문에 답이 유도되는 경우도 나타납니다.  그러한 사정으로 인해 피해 아동의 진술의 신빙성이 인정되지 않아 피고인에 대해 무죄판결이 선고되는 경우도 종종 있습니다.  진술조력인은 피해 아동의 심리상태, 의사소통 능력 등을 미리 파악해 편안한 상태에서 수준에 맞춘 맞춤형 조사가 이뤄지도록 해 진술의 정확도를 높이고, 조사과정에서 2차 피해가 이뤄지지 않도록 하는 역할을 합니다. 셋째, 범죄피해자의 권리에 대한 정보제공 의무화 제도(일명 `피해자 미란다 원칙'이라고도 합니다)가 2015년 도입됐습니다. 영화 `공정사회' 속 2003년을 살아가고 있는 피해 아동의 엄마는 그 누구로부터도 피해자의 권리 등에 대한 안내를 듣지 못했지만, 이제는 범죄피해자에 대해 헌법 및 법률이 정하고 있는 권리(형사재판절차에서의 진술권 등) 및 피해자 지원제도(범죄피해구조금 지급, 범죄피해자 보호·지원 단체 현황 등)에 관한 정보를 제공받을 수 있습니다.외부 기고는 본보 편집방향과 다를 수 있습니다."
"[열린마당] 선거벽보 훼손 잇따라… 공명선거에 악영향","세계일보","제19대 대통령선거를 앞두고 지난 17일부터 공식적인 후보자의 선거운동이 시작됐다. 선거운동이 시작되자 후보자는 자신을 유권자에게 알리기 위해 거리에 현수막을 게시했고, 선관위에선 선거벽보를 부착했다. 특히 선거벽보에는 후보자의 사진, 경력, 학력과 그밖의 홍보에 필요한 내용이 게재돼 있어 유권자는 후보자의 정보를 한눈에 비교할 수 있다.이러한 선거홍보물 등은 유권자에게 후보자 검증 기회가 되고 판단할 수 있는 귀중한 자료임에 틀림없다. 그런데 최근 일부 지역에서 선거벽보와 후보자의 선거운동용 현수막이 훼손되거나 무단으로 철거되는 사례가 늘고 있고, 선거일이 임박해질수록 선거운동이 과열되면서 이 같은 사례가 다수 발생할 것으로 예상된다.거리에 게시된 선거벽보와 현수막의 얼굴 사진 등이 보기 흉할 정도로 훼손되는 것은 미관을 찌푸리게 하고 자칫 지역감정을 조장할 수 있어 공명선거 분위기에도 악영향을 미친다는 점에서 심히 우려스럽지 않을 수 없다.공직선거법은 정당한 사유 없이 선거벽보·현수막 기타 선전시설을 훼손하거나 철거하면 2년 이하의 징역 또는 400만원 이하의 벌금에 처하도록 규정하고 있다.국민은 혼탁한 선거를 원하지 않을 것이다. 아무쪼록 이번 대통령선거가 정책과 준법선거의 실현으로 국민화합의 아름다운 선거가 될 수 있도록 우리 모두가 주인이 돼 역대 선거사상 가장 깨끗한 선거로 행복한 대한민국을 만들었으면 한다.박해섭·광주 남구선거관리위원회 지도홍보계장ⓒ 세상을 보는 눈, 글로벌 미디어 세계일보"
